书名,链接,作者,出版社,出版日期,价格,星级,评论数
追风筝的人,https://book.douban.com/subject/1770782/,[美] 卡勒德·胡赛尼 , 上海人民出版社 , 2006-5 , 29.00元,8.9,"(
                    397722人评价
                )"
解忧杂货店,https://book.douban.com/subject/25862578/,[日] 东野圭吾 , 南海出版公司 , 2014-5 , 39.50元,8.5,"(
                    380208人评价
                )"
小王子,https://book.douban.com/subject/1084336/,[法] 圣埃克苏佩里 , 人民文学出版社 , 2003-8 , 22.00元,9.0,"(
                    320548人评价
                )"
白夜行,https://book.douban.com/subject/3259440/,[日] 东野圭吾 , 南海出版公司 , 2008-9 , 29.80元,9.1,"(
                    280479人评价
                )"
围城,https://book.douban.com/subject/1008145/,钱锺书 , 人民文学出版社 , 1991-2 , 19.00,8.9,"(
                    241714人评价
                )"
三体,https://book.douban.com/subject/2567698/,刘慈欣 , 重庆出版社 , 2008-1 , 23.00,8.8,"(
                    230287人评价
                )"
嫌疑人X的献身,https://book.douban.com/subject/3211779/,[日] 东野圭吾 , 南海出版公司 , 2008-9 , 28.00,8.9,"(
                    226784人评价
                )"
挪威的森林,https://book.douban.com/subject/1046265/,[日] 村上春树 , 上海译文出版社 , 2001-2 , 18.80元,8.0,"(
                    229283人评价
                )"
百年孤独,https://book.douban.com/subject/6082808/,[哥伦比亚] 加西亚·马尔克斯 , 南海出版公司 , 2011-6 , 39.50元,9.2,"(
                    173436人评价
                )"
活着,https://book.douban.com/subject/4913064/,余华 , 作家出版社 , 2012-8-1 , 20.00元,9.3,"(
                    170938人评价
                )"
红楼梦,https://book.douban.com/subject/1007305/,[清] 曹雪芹 著 , 人民文学出版社 , 1996-12 , 59.70元,9.6,"(
                    165321人评价
                )"
看见,https://book.douban.com/subject/20427187/,柴静 , 广西师范大学出版社 , 2013-1-1 , 39.80元,8.8,"(
                    168609人评价
                )"
不能承受的生命之轻,https://book.douban.com/subject/1017143/,[捷克] 米兰·昆德拉 , 上海译文出版社 , 2003-7 , 23.00元,8.5,"(
                    158409人评价
                )"
平凡的世界（全三部）,https://book.douban.com/subject/1200840/,路遥 , 人民文学出版社 , 2005-1 , 64.00元,9.0,"(
                    141991人评价
                )"
三体Ⅱ,https://book.douban.com/subject/3066477/,刘慈欣 , 重庆出版社 , 2008-5 , 32.00,9.3,"(
                    135149人评价
                )"
达·芬奇密码,https://book.douban.com/subject/1040771/,[美] 丹·布朗 , 上海人民出版社 , 2004-2 , 28.00元,8.2,"(
                    153676人评价
                )"
三体Ⅲ,https://book.douban.com/subject/5363767/,刘慈欣 , 重庆出版社 , 2010-11 , 38.00元,9.2,"(
                    134069人评价
                )"
简爱（英文全本）,https://book.douban.com/subject/1141406/,[英] 夏洛蒂·勃朗特 , 世界图书出版公司 , 2003-11 , 18.00元,8.5,"(
                    130058人评价
                )"
我们仨,https://book.douban.com/subject/1023045/,杨绛 , 生活·读书·新知三联书店 , 2003-7 , 18.80元,8.7,"(
                    125222人评价
                )"
天才在左 疯子在右,https://book.douban.com/subject/4242172/,高铭 , 武汉大学出版社 , 2010-2 , 29.80元,8.2,"(
                    133982人评价
                )"
哈利·波特与魔法石,https://book.douban.com/subject/1041007/,[英] J. K. 罗琳 , 人民文学出版社 , 2000-9 , 19.50元,9.0,"(
                    113016人评价
                )"
傲慢与偏见,https://book.douban.com/subject/1083428/,[英] 奥斯丁 , 人民文学出版社 , 1993-7 , 13.00元,8.8,"(
                    112862人评价
                )"
明朝那些事儿（壹）,https://book.douban.com/subject/1873231/,当年明月 , 中国友谊出版公司 , 2006-9 , 24.80,8.7,"(
                    112340人评价
                )"
目送,https://book.douban.com/subject/3995526/,龙应台 , 生活·读书·新知三联书店 , 2009-10 , 39.00元,8.7,"(
                    112852人评价
                )"
飘,https://book.douban.com/subject/1068920/,[美国] 玛格丽特·米切尔 , 译林出版社 , 2000-9 , 40.00元,9.3,"(
                    99609人评价
                )"
恶意,https://book.douban.com/subject/3646172/,[日] 东野圭吾 , 南海出版公司 , 2009-6 , 18.00,8.4,"(
                    107404人评价
                )"
倾城之恋,https://book.douban.com/subject/1090043/,花城出版社 ,花城出版社 , 1997-3-1 , 11.00,8.5,"(
                    107794人评价
                )"
霍乱时期的爱情,https://book.douban.com/subject/10594787/,[哥伦比亚] 加西亚·马尔克斯 , 南海出版公司 , 2012-9-1 , 39.50元,9.0,"(
                    99764人评价
                )"
送你一颗子弹,https://book.douban.com/subject/4238362/,刘瑜 , 上海三联书店 , 2010-1 , 25.00元,8.6,"(
                    103454人评价
                )"
撒哈拉的故事,https://book.douban.com/subject/1361264/,三毛 , 皇冠出版社 , 1976 , 160 TWD,9.0,"(
                    95781人评价
                )"
边城,https://book.douban.com/subject/1057244/,沈从文 , 北岳文艺出版社 , 2002-4 , 12.00元,8.6,"(
                    100366人评价
                )"
许三观卖血记,https://book.douban.com/subject/1029791/,余华 , 南海出版公司 , 1998-9 , 16.80元,8.7,"(
                    96562人评价
                )"
哈利·波特与阿兹卡班的囚徒,https://book.douban.com/subject/1071241/,[英] J. K. 罗琳 , 人民文学出版社 , 2000-9 , 26.50元,8.9,"(
                    91937人评价
                )"
狼图腾,https://book.douban.com/subject/1022060/,姜戎 , 长江文艺出版社 , 2004-4 , 32.00元,8.2,"(
                    99901人评价
                )"
情人,https://book.douban.com/subject/1400705/,[法] 玛格丽特·杜拉斯 , 上海译文出版社 , 2005-7 , 20.00元,8.1,"(
                    103314人评价
                )"
哈利·波特与火焰杯,https://book.douban.com/subject/1009257/,[英] J. K. 罗琳 , 人民文学出版社 , 2001-5 , 39.80元,9.0,"(
                    88479人评价
                )"
哈利·波特与密室,https://book.douban.com/subject/1039487/,[英] J. K. 罗琳 , 人民文学出版社 , 2000-9 , 22.00元,8.9,"(
                    88639人评价
                )"
穆斯林的葬礼,https://book.douban.com/subject/1082334/,霍达 , 北京十月文艺出版社 , 1988-12-1 , 32.00,8.2,"(
                    95233人评价
                )"
万历十五年,https://book.douban.com/subject/1041482/,[美] 黄仁宇 , 生活·读书·新知三联书店 , 1997-5 , 18.00元,8.9,"(
                    86843人评价
                )"
盗墓笔记,https://book.douban.com/subject/1948901/,南派三叔 , 中国友谊出版公司 , 2007-1 , 26.80元,8.3,"(
                    90244人评价
                )"
1Q84 BOOK 1,https://book.douban.com/subject/4742918/,[日] 村上春树 , 南海出版公司 , 2010-5 , 36.00元,8.3,"(
                    90716人评价
                )"
窗边的小豆豆,https://book.douban.com/subject/1007914/,[日] 黑柳彻子 著 , 南海出版公司 , 2003-1 , 20.00元,8.7,"(
                    83455人评价
                )"
黄金时代,https://book.douban.com/subject/1089243/,王小波 , 花城出版社 , 1999-3 , 19.00元,8.8,"(
                    78898人评价
                )"
哈利·波特与混血王子,https://book.douban.com/subject/1432596/,[英] J. K. 罗琳 , 人民文学出版社 , 2005-10 , 58.00元,8.8,"(
                    77626人评价
                )"
人间失格,https://book.douban.com/subject/4011670/,太宰治 , 吉林出版集团有限责任公司 , 2009年9月 , 16.00元,8.3,"(
                    83655人评价
                )"
向左走·向右走,https://book.douban.com/subject/1066462/,幾米 , 生活·读书·新知三联书店 , 2002-8 , 16.00元,8.4,"(
                    81344人评价
                )"
老人与海,https://book.douban.com/subject/1064275/,海明威 , 上海译文出版社 , 1999-10 , 8.20元,8.3,"(
                    79956人评价
                )"
三国演义（全二册）,https://book.douban.com/subject/1019568/,[明] 罗贯中 , 人民文学出版社 , 1998-05 , 39.50元,9.2,"(
                    71134人评价
                )"
1984,https://book.douban.com/subject/4820710/,[英] 乔治·奥威尔 , 北京十月文艺出版社 , 2010-4-1 , 28.00,9.3,"(
                    70571人评价
                )"
莲花,https://book.douban.com/subject/1529893/,安妮宝贝 , 作家出版社 , 2006-3 , 25.00元,8.0,"(
                    82813人评价
                )"
苏菲的世界,https://book.douban.com/subject/1045818/,（挪威）乔斯坦·贾德 , 作家出版社 , 1999-04 , 26.80元,8.5,"(
                    77155人评价
                )"
哈利·波特与凤凰社,https://book.douban.com/subject/1013129/,[英] J. K. 罗琳 , 人民文学出版社 , 2003-9 , 59.00元,8.7,"(
                    74010人评价
                )"
悟空传,https://book.douban.com/subject/1003000/,今何在 , 光明日报出版社 , 2001-4 , 14.80元,8.4,"(
                    78559人评价
                )"
牧羊少年奇幻之旅,https://book.douban.com/subject/3608208/,[巴西]保罗·柯艾略 , 南海出版公司 , 2009-3-1 , 25.00元,8.6,"(
                    75867人评价
                )"
人类简史,https://book.douban.com/subject/25985021/,[以色列] 尤瓦尔·赫拉利 , 中信出版社 , 2014-11 , CNY 68.00,9.1,"(
                    70907人评价
                )"
天龙八部,https://book.douban.com/subject/1255625/,金庸 , 三联书店 , 1994-5 , 96.0,9.1,"(
                    69684人评价
                )"
哈利·波特与死亡圣器,https://book.douban.com/subject/2295163/,[英] J. K. 罗琳 , 人民文学出版社 , 2007-10 , 66.00元,9.0,"(
                    68830人评价
                )"
呼啸山庄,https://book.douban.com/subject/1119522/,（英）勃朗特 , 人民文学出版社 , 1999-01-01 , 27.30元,8.4,"(
                    71492人评价
                )"
亲爱的安德烈,https://book.douban.com/subject/3369793/,龙应台 , 人民文学出版社 , 2008-12 , 26.00,8.7,"(
                    69205人评价
                )"
灿烂千阳,https://book.douban.com/subject/2143732/,[美] 卡勒德·胡赛尼 , 上海人民出版社 , 2007-9 , 28.00元,8.8,"(
                    66109人评价
                )"
基督山伯爵,https://book.douban.com/subject/1085860/,大仲马 , 上海译文出版社 , 1991-12-1 , 43.90元,9.0,"(
                    64852人评价
                )"
无声告白,https://book.douban.com/subject/26382433/,[美] 伍绮诗 , 江苏凤凰文艺出版社 , 2015-7 , 35.00元,8.2,"(
                    71844人评价
                )"
海边的卡夫卡,https://book.douban.com/subject/1059419/,[日] 村上春树 , 上海译文出版社 , 2003-4 , 25.00元,8.1,"(
                    71677人评价
                )"
兄弟（上）,https://book.douban.com/subject/1401425/,余华 , 上海文艺出版社 , 2005-8 , 16.00元,8.3,"(
                    67383人评价
                )"
笑傲江湖（全四册）,https://book.douban.com/subject/1002299/,金庸 , 生活·读书·新知三联书店 , 1994-5 , 76.80元,9.0,"(
                    61783人评价
                )"
鲁滨逊漂流记,https://book.douban.com/subject/1016003/,[英] 笛福 , 广西民族出版社 , 2002-1 , 9.20元,8.0,"(
                    69348人评价
                )"
白鹿原,https://book.douban.com/subject/1085799/,陈忠实 , 人民文学出版社 , 1997-12 , 28.00元,8.7,"(
                    62981人评价
                )"
福尔摩斯探案全集（上中下）,https://book.douban.com/subject/1040211/,[英] 阿·柯南道尔 , 1981-8 , 53.00元,68.00元,9.2,"(
                    59014人评价
                )"
少有人走的路,https://book.douban.com/subject/1775691/,[美] M·斯科特·派克 , 吉林文史出版社 , 2007-1 , 26.00元,8.4,"(
                    65328人评价
                )"
茶花女,https://book.douban.com/subject/1013380/,小仲马 , 外国文学出版社 , 1997-3 , 9.00元,8.2,"(
                    67083人评价
                )"
一个陌生女人的来信,https://book.douban.com/subject/2154960/,[奥] 斯台芬·茨威格 , 上海译文出版社 , 2007-7 , 20.00元,8.7,"(
                    62462人评价
                )"
沉默的大多数,https://book.douban.com/subject/1054685/,王小波 , 中国青年出版社 , 1997-10 , 27.00元,9.1,"(
                    58627人评价
                )"
局外人,https://book.douban.com/subject/4908885/,[法] 阿尔贝·加缪 , 上海译文出版社 , 2010-9 , 22.00元,9.0,"(
                    57271人评价
                )"
民主的细节,https://book.douban.com/subject/3813669/,刘瑜 , 上海三联书店 , 2009-6 , 25.00,8.6,"(
                    60001人评价
                )"
情书,https://book.douban.com/subject/1080370/,[日] 岩井俊二 , 天津人民出版社 , 2004-7 , 18.00元,8.6,"(
                    59197人评价
                )"
房思琪的初恋乐园,https://book.douban.com/subject/27614904/,林奕含 , 北京联合出版公司 , 2018-1 , 45.00元,9.2,"(
                    55075人评价
                )"
神雕侠侣,https://book.douban.com/subject/1255624/,金庸 , 生活·读书·新知三联书店 , 1994-5 , 76.80元,8.8,"(
                    55779人评价
                )"
遇见未知的自己,https://book.douban.com/subject/2340100/,张德芬 , 华夏出版社 , 2008-1 , 29.00,8.0,"(
                    61515人评价
                )"
东方快车谋杀案,https://book.douban.com/subject/1827374/,[英] 阿加莎·克里斯蒂 , 人民文学出版社 , 2006-5 , 18.00元,9.0,"(
                    54556人评价
                )"
骆驼祥子,https://book.douban.com/subject/1043815/,老舍 , 人民文学出版社 , 2000-3-1 , 12.00,8.3,"(
                    59013人评价
                )"
了不起的盖茨比,https://book.douban.com/subject/1008988/,菲茨杰拉德 , 人民文学出版社 , 2004-06 , 12.00元,8.3,"(
                    57102人评价
                )"
无人生还,https://book.douban.com/subject/3006581/,[英] 阿加莎・克里斯蒂 , 人民文学出版社 , 2008-3 , 19.00,8.9,"(
                    52749人评价
                )"
肖申克的救赎,https://book.douban.com/subject/1829226/,[美] 斯蒂芬·金 , 人民文学出版社 , 2006-7 , 29.90元,9.1,"(
                    51118人评价
                )"
巴黎圣母院,https://book.douban.com/subject/1024197/,[法]雨果 , 人民文学出版社 , 1982-6 , 22.50元,8.3,"(
                    55885人评价
                )"
羊脂球,https://book.douban.com/subject/1205370/,（法）莫泊桑 , 北京燕山出版社 , 2007-6 , 13.50元,8.1,"(
                    56646人评价
                )"
当我谈跑步时我谈些什么,https://book.douban.com/subject/3369600/,[日] 村上春树 , 南海出版公司 , 2009-1 , 25.00,8.1,"(
                    56604人评价
                )"
呐喊,https://book.douban.com/subject/1449351/,鲁迅 , 人民文学出版社 , 1973年3月 , 0.36元,8.9,"(
                    50554人评价
                )"
爱你就像爱生命,https://book.douban.com/subject/3071717/,王小波 , 上海锦绣文章出版社 , 2008-5 , 18.00元,8.8,"(
                    50256人评价
                )"
乌合之众,https://book.douban.com/subject/1012611/,（法）勒庞 , 中央编译出版社 , 2011-5-1 , 16.00元,8.2,"(
                    54405人评价
                )"
动物农场,https://book.douban.com/subject/2035179/,[英] 乔治·奥威尔 , 上海译文出版社 , 2007-3 , 10.00元,9.2,"(
                    47846人评价
                )"
红玫瑰与白玫瑰,https://book.douban.com/subject/1014278/,张爱玲 , 花城出版社 , 1996-06 , 12.80元,8.4,"(
                    51903人评价
                )"
巨人的陨落,https://book.douban.com/subject/26698660/,[英] 肯·福莱特 , 江苏凤凰文艺出版社 , 2016-5-1 , 129.80元,8.9,"(
                    47247人评价
                )"
安徒生童话故事集,https://book.douban.com/subject/1046209/,（丹麦）安徒生 , 人民文学出版社 , 1997-08 , 25.00,9.2,"(
                    45824人评价
                )"
这些都是你给我的爱,https://book.douban.com/subject/4714734/,文：安东尼 , 长江文艺出版社 , 2010-3 , 24.80元,8.4,"(
                    49970人评价
                )"
这些人，那些事,https://book.douban.com/subject/6388661/,吴念真 , 译林出版社 , 2011-9 , 28.00元,8.8,"(
                    47666人评价
                )"
鬼吹灯之精绝古城,https://book.douban.com/subject/1882933/,天下霸唱 , 安徽文艺出版社 , 2006 , 25.00元,8.1,"(
                    50018人评价
                )"
喜宝,https://book.douban.com/subject/2022979/,亦舒 , 新世界出版社 , 2007-2 , 22.00元,8.0,"(
                    51440人评价
                )"
陪安东尼度过漫长岁月,https://book.douban.com/subject/3014576/,安东尼 , 长江文艺出版社 , 2008-3 , 18.00,8.3,"(
                    49108人评价
                )"
华胥引（全二册）,https://book.douban.com/subject/5916880/,唐七公子 , 现代出版社 , 2011-1 , 39.80元,8.4,"(
                    48580人评价
                )"
半生缘,https://book.douban.com/subject/1963684/,张爱玲 , 北京十月文艺出版社 , 2006-12 , 28.00元,8.6,"(
                    46262人评价
                )"
射雕英雄传（全四册）,https://book.douban.com/subject/1044547/,金庸 , 生活·读书·新知三联书店 , 1999-04 , 47.00元,8.9,"(
                    41403人评价
                )"
阿Q正传,https://book.douban.com/subject/1088065/,鲁迅 , 上海书店出版社 , 2003-7 , 14.50元,8.7,"(
                    42503人评价
                )"
城南旧事,https://book.douban.com/subject/1254588/,林海音 文 , 中国青年出版社 , 2003-7 , 16.00元,9.0,"(
                    40779人评价
                )"
一个人的朝圣,https://book.douban.com/subject/24934182/,【英】蕾秋·乔伊斯 , 北京联合出版公司 , 2013-9-1 , 32.80,8.1,"(
                    44739人评价
                )"
地下铁,https://book.douban.com/subject/1056733/,幾米 , 辽宁教育出版社 , 2002-2 , 32.00元,8.3,"(
                    43233人评价
                )"
如何阅读一本书,https://book.douban.com/subject/1013208/,[美] 莫提默·J. 艾德勒 , 商务印书馆 , 2004-1 , 38.00元,8.4,"(
                    42940人评价
                )"
一只特立独行的猪,https://book.douban.com/subject/1767945/,王小波 , 北方文艺出版社 , 2006-4 , 18.80元,8.8,"(
                    40230人评价
                )"
梦里花落知多少,https://book.douban.com/subject/2070844/,三毛 , 北京十月文艺出版社 , 2007-6 , 28.00元,8.8,"(
                    40257人评价
                )"
我不喜欢这世界，我只喜欢你,https://book.douban.com/subject/26414020/,乔一 , 湖南少年儿童出版社 , 2015-5-1 , 29.80元,8.0,"(
                    41706人评价
                )"
月亮忘記了,https://book.douban.com/subject/1358873/,幾米 , 格林 , 2000-2-1 , NT$ 299,8.6,"(
                    39009人评价
                )"
孩子你慢慢来,https://book.douban.com/subject/4207781/,龙应台 , 生活·读书·新知三联书店 , 2009-12-1 , 28.00元,8.8,"(
                    38327人评价
                )"
孤独六讲,https://book.douban.com/subject/4124727/,蒋勋 , 广西师范大学出版社 , 2009-10-1 , 36.00元,8.1,"(
                    41776人评价
                )"
格林童话全集,https://book.douban.com/subject/1043008/,格林兄弟 , 人民文学出版社 , 1994-11 , 21.45元,9.0,"(
                    37287人评价
                )"
此间的少年,https://book.douban.com/subject/1020459/,江南 , 华文出版社 , 2004-1 , 25.00元,8.4,"(
                    39748人评价
                )"
刀锋,https://book.douban.com/subject/2035162/,[英]毛姆 , 上海译文出版社 , 2007-3 , 18.00元,9.0,"(
                    36378人评价
                )"
步步惊心,https://book.douban.com/subject/1812439/,桐华 , 民族出版社 , 2006-6 , 25.00元,8.1,"(
                    40627人评价
                )"
麦琪的礼物,https://book.douban.com/subject/1051193/,[美] 欧·亨利 , 上海社会科学院出版社 , 2003-7 , 25.00元,8.6,"(
                    37434人评价
                )"
一個人住第5年,https://book.douban.com/subject/1346815/,高木直子 , 大田 , 2004-12-1 , NT$220,8.4,"(
                    37413人评价
                )"
月亮与六便士,https://book.douban.com/subject/26954760/,[英] 威廉·萨默塞特·毛姆 , 浙江文艺出版社 , 2017-1-1 , 39.80元,8.8,"(
                    36747人评价
                )"
荆棘鸟,https://book.douban.com/subject/1086249/,[澳] 考琳·麦卡洛 , 译林出版社 , 1998-7 , 28.00元,8.6,"(
                    36074人评价
                )"
朝花夕拾,https://book.douban.com/subject/1449352/,鲁迅 , 人民文学出版社 , 1972年4月 , 0.25元,8.7,"(
                    35995人评价
                )"
尘埃落定,https://book.douban.com/subject/1080309/,阿来 , 人民文学出版社 , 1998-3-1 , 22.0,8.4,"(
                    36829人评价
                )"
常识,https://book.douban.com/subject/3344676/,梁文道 , 广西师范大学出版社 , 2009-1 , 38.00,8.1,"(
                    38329人评价
                )"
寻路中国,https://book.douban.com/subject/5414391/,[美] 彼得·海斯勒 , 上海译文出版社 , 2011-1 , 33.00元,9.0,"(
                    34160人评价
                )"
哭泣的骆驼,https://book.douban.com/subject/1029111/,三毛 , 哈尔滨出版社 , 2003-6 , 15.80元,8.9,"(
                    34218人评价
                )"
你好，旧时光（上 下）,https://book.douban.com/subject/4166819/,八月长安 , 新世界出版社 , 2009-12 , 39.80元,8.8,"(
                    34545人评价
                )"
菊与刀,https://book.douban.com/subject/1022238/,（美）鲁思・本尼迪克特 , 商务印书馆 , 1990-6 , 16.00,8.2,"(
                    37864人评价
                )"
那些回不去的年少时光,https://book.douban.com/subject/4231381/,桐华 , 江苏文艺出版社 , 2010-01 , 23.80元,8.5,"(
                    35433人评价
                )"
金锁记,https://book.douban.com/subject/3017857/,张爱玲 , 哈尔滨出版社 , 2005-6 , 13.5元,8.5,"(
                    35519人评价
                )"
时间旅行者的妻子,https://book.douban.com/subject/2056749/,[美] 奥德丽·尼芬格 , 人民文学出版社 , 2007-4 , 29.90元,8.1,"(
                    37396人评价
                )"
杀死一只知更鸟,https://book.douban.com/subject/6781808/,[美] 哈珀·李 , 译林出版社 , 2012-9 , 32.00元,9.2,"(
                    32317人评价
                )"
查令十字街84号,https://book.douban.com/subject/1316648/,[美] 海莲·汉芙 , 译林出版社 , 2005-05-01 , 18.00元,8.3,"(
                    36011人评价
                )"
悲惨世界（上中下）,https://book.douban.com/subject/1205054/,[法] 雨果 , 人民文学出版社 , 1992-6 , 66.00元,8.9,"(
                    32787人评价
                )"
球状闪电,https://book.douban.com/subject/1192090/,刘慈欣 , 四川科学技术出版社 , 2005-6 , 22.00元,8.7,"(
                    34168人评价
                )"
海贼王,https://book.douban.com/subject/1474773/,尾田荣一郎 , 浙江人民美术出版社 , 2007-11 , 7.50元,9.5,"(
                    30199人评价
                )"
失恋33天,https://book.douban.com/subject/4238754/,鲍鲸鲸 , 中信出版社 , 2010-1 , 25.00元,8.1,"(
                    36274人评价
                )"
史蒂夫·乔布斯传,https://book.douban.com/subject/6798611/,[美] 沃尔特·艾萨克森 , 中信出版社 , 2011-10-24 , 68.00元,8.7,"(
                    33206人评价
                )"
鹿鼎记（全五册）,https://book.douban.com/subject/1212893/,金庸 , 广州出版社 花城出版社 , 2008-3 , 108.00元,8.8,"(
                    32658人评价
                )"
东霓,https://book.douban.com/subject/4874131/,笛安 , 长江文艺出版社 , 2010-7-1 , 26.80元,8.1,"(
                    35126人评价
                )"
飞鸟集,https://book.douban.com/subject/1058661/,[印] 罗宾德拉纳德·泰戈尔 , 哈尔滨出版社 , 2004-6 , 16.80元,8.9,"(
                    31954人评价
                )"
长恨歌,https://book.douban.com/subject/1082349/,王安忆 , 南海出版公司 , 2003-8 , 22.00元,8.2,"(
                    34683人评价
                )"
海底两万里,https://book.douban.com/subject/1085470/,[法国] 儒尔·凡尔纳 , 译林出版社 , 2002-9 , 19.50元,8.4,"(
                    33698人评价
                )"
历史深处的忧虑,https://book.douban.com/subject/1027191/,林达 , 生活·读书·新知三联书店 , 1997-5 , 19.00元,9.0,"(
                    30695人评价
                )"
你一定爱读的极简欧洲史,https://book.douban.com/subject/5366248/,约翰·赫斯特（John Hirst） , 广西师范大学出版社 , 2011-11-25 , 25.00元,8.2,"(
                    34055人评价
                )"
富爸爸，穷爸爸,https://book.douban.com/subject/1033778/,（美）罗伯特・T・清崎 , 世界图书出版公司 , 2000-09 , 18.80,8.2,"(
                    33394人评价
                )"
倚天屠龙记(共四册),https://book.douban.com/subject/1070851/,金庸 , 三联书店 , 1999-04 , 0,8.5,"(
                    31753人评价
                )"
大地之灯,https://book.douban.com/subject/1963310/,七堇年 , 长江文艺出版社 , 2007-1 , 22.00元,8.2,"(
                    33148人评价
                )"
你今天真好看,https://book.douban.com/subject/26602392/,[美]莉兹•克里莫 ,天津人民出版社 , 2015-8 , 39.00元,8.7,"(
                    31278人评价
                )"
伊豆的舞女,https://book.douban.com/subject/1005521/,[日] 川端康成 , 广西师范大学出版社 , 2002-2 , 23.80元,8.2,"(
                    33226人评价
                )"
水浒传（全二册）,https://book.douban.com/subject/1008357/,[明] 施耐庵 , 人民文学出版社 , 1997-1 , 50.60元,8.5,"(
                    31217人评价
                )"
雷雨,https://book.douban.com/subject/1013416/,曹禺 , 人民文学出版社 , 1999-05 , 9.20,8.6,"(
                    31261人评价
                )"
时间简史,https://book.douban.com/subject/1034282/,[英] 史蒂芬·霍金 , 湖南科学技术出版社 , 2010-4 , 45.00元,8.8,"(
                    29823人评价
                )"
一九八四·动物农场,https://book.douban.com/subject/1082387/,[英] 乔治·奥威尔 , 上海译文出版社 , 2003-4 , 23.00元,9.3,"(
                    28078人评价
                )"
西游记（全二册）,https://book.douban.com/subject/1029553/,吴承恩 , 人民文学出版社 , 2004-8 , 47.20元,8.8,"(
                    29464人评价
                )"
中国历代政治得失,https://book.douban.com/subject/1003479/,钱穆 , 生活·读书·新知三联书店 , 2001 , 12.00元,9.1,"(
                    28221人评价
                )"
香水,https://book.douban.com/subject/1292416/,[德] 帕·聚斯金德 , 上海译文出版社 , 2005-5 , 20.00元,8.5,"(
                    30435人评价
                )"
橙,https://book.douban.com/subject/5327697/,安东尼 , 长江文艺出版社 , 2010-10 , 28.80元,8.2,"(
                    31535人评价
                )"
红与黑,https://book.douban.com/subject/1007433/,斯丹达尔 , 译林出版社 , 1993-7-1 , 20.00元,8.2,"(
                    31743人评价
                )"
看不见的城市,https://book.douban.com/subject/1863930/,[意大利]伊塔洛·卡尔维诺 , 译林出版社 , 2006-8 , 16.00元,8.8,"(
                    29181人评价
                )"
瓦尔登湖,https://book.douban.com/subject/1865089/,[美] 梭罗 , 上海译文出版社 , 2006-8 , 11.00元,8.4,"(
                    30754人评价
                )"
最好的我们,https://book.douban.com/subject/24754316/,八月长安 , 湖南文艺出版社 , 2013-8-5 , 55,8.8,"(
                    28644人评价
                )"
匆匆那年（上下）,https://book.douban.com/subject/2567919/,九夜茴 , 东方出版社 , 2008-1 , 29.00,8.3,"(
                    31219人评价
                )"
影响力,https://book.douban.com/subject/1786387/,[美] 罗伯特·西奥迪尼 , 中国人民大学出版社 , 2006-5 , 45.00元,8.6,"(
                    29557人评价
                )"
狂人日记,https://book.douban.com/subject/1398395/,鲁迅 , 京华出版社 , 2006-3 , 39.80元,8.7,"(
                    29058人评价
                )"
世界尽头与冷酷仙境,https://book.douban.com/subject/1291809/,[日] 村上春树 , 上海译文出版社 , 2002-12 , 23.00元,8.6,"(
                    29726人评价
                )"
江城,https://book.douban.com/subject/7060185/,[美] 彼得·海斯勒 , 上海译文出版社 , 2012-1 , 36.00元,9.0,"(
                    27718人评价
                )"
陆犯焉识,https://book.douban.com/subject/6880158/,严歌苓 , 作家出版社 , 2011-10 , 35.00元,8.8,"(
                    28215人评价
                )"
冰与火之歌（卷一）,https://book.douban.com/subject/1336330/,[美] 乔治·R. R. 马丁 , 重庆出版社 , 2005-5 , 68.00元,9.3,"(
                    26551人评价
                )"
把时间当作朋友,https://book.douban.com/subject/3609132/,李笑来 , 电子工业出版社 , 2009-6 , 32.00元,8.5,"(
                    29624人评价
                )"
那些年，我们一起追的女孩,https://book.douban.com/subject/1958227/,九把刀 , 花山文艺出版社 , 2007-1 , 20.00元,8.2,"(
                    30320人评价
                )"
夏洛的网,https://book.douban.com/subject/1036274/,[美] E.B.怀特 , 上海译文出版社 , 2004-5 , 17.00元,8.5,"(
                    28720人评价
                )"
往事并不如烟,https://book.douban.com/subject/1059336/,章诒和 , 人民文学出版社 , 2004-1 , 35.00元,8.6,"(
                    28074人评价
                )"
我与地坛,https://book.douban.com/subject/1209899/,史铁生 , 春风文艺出版社 , 2002-5 , 25.00元,9.0,"(
                    26747人评价
                )"
呼兰河传,https://book.douban.com/subject/1060852/,萧红 , 百花文艺出版社 , 2005-01 , 19.00,8.9,"(
                    27424人评价
                )"
阿狸·梦之城堡,https://book.douban.com/subject/3554154/,hans , 上海锦绣文章出版社 , 2009-1 , 36.80元,9.0,"(
                    26683人评价
                )"
七夜雪,https://book.douban.com/subject/1919201/,沧月 , 北京十月文艺出版社 , 2006-10 , 25.00元,8.4,"(
                    28203人评价
                )"
自控力,https://book.douban.com/subject/10786473/,[美]  凯利·麦格尼格尔 , 文化发展出版社(原印刷工业出版社) , 2012-8 , 39.80元,8.3,"(
                    29148人评价
                )"
天使与魔鬼,https://book.douban.com/subject/1228110/,[美] 丹.布朗 , 人民文学出版社 , 2005-2 , 29.80元,8.1,"(
                    29250人评价
                )"
ZOO,https://book.douban.com/subject/2297697/,[日] 乙一 , 当代世界出版社 , 2007-10 , 20.00元,8.6,"(
                    27583人评价
                )"
浮生六记,https://book.douban.com/subject/1088581/,（清）沈复 , 人民文学出版社 , 1999-1 , 5.70元,8.9,"(
                    27233人评价
                )"
变形记,https://book.douban.com/subject/1213546/,[奥] 卡夫卡 , 浙江文艺出版社 , 2003-4 , 16.00元,8.4,"(
                    27910人评价
                )"
蔷薇岛屿,https://book.douban.com/subject/1063190/,安妮宝贝 , 作家出版社 , 2002-8 , 18.00元,8.0,"(
                    29265人评价
                )"
国境以南 太阳以西,https://book.douban.com/subject/1015452/,[日] 村上春树 , 上海译文出版社 , 2001-8 , 13.50元,8.3,"(
                    27951人评价
                )"
人生,https://book.douban.com/subject/3803820/,路遥 , 北京十月文艺出版社 , 2009-5 , 20.00元,8.4,"(
                    26823人评价
                )"
最初的爱情 最后的仪式,https://book.douban.com/subject/4011440/,[英] 伊恩·麦克尤恩 , 南京大学出版社 , 2010-2 , 22.00元,8.0,"(
                    28395人评价
                )"
京华烟云,https://book.douban.com/subject/1391191/,林语堂 , 陕西师范大学出版社 , 2005-7 , 43.00元,8.5,"(
                    26107人评价
                )"
人性的弱点全集,https://book.douban.com/subject/1056295/,[美] 戴尔·卡耐基 , 中国发展出版社 , 2008-1 , 25.00元,8.3,"(
                    26626人评价
                )"
没有色彩的多崎作和他的巡礼之年,https://book.douban.com/subject/25733470/,[日] 村上春树 , 南海出版公司 , 2013-10-1 , 39.50元,8.2,"(
                    26649人评价
                )"
生活在别处,https://book.douban.com/subject/1013225/,[捷克] 米兰·昆德拉 , 上海译文出版社 , 2004-5 , 25.00元,8.4,"(
                    26239人评价
                )"
文学回忆录（全2册）,https://book.douban.com/subject/20440644/,木心 讲述 , 广西师范大学出版社 , 2013-1-10 , 98.00元,9.2,"(
                    23487人评价
                )"
一句顶一万句,https://book.douban.com/subject/3633461/,刘震云 , 长江文艺出版社 , 2009-3 , 29.80,8.7,"(
                    24702人评价
                )"
佛祖在一号线,https://book.douban.com/subject/4872671/,李海鹏 , 文化艺术出版社 , 2010-6 , 25.00元,8.2,"(
                    26174人评价
                )"
心是孤独的猎手,https://book.douban.com/subject/1424741/,[美] 卡森·麦卡勒斯 , 上海三联书店 , 2005-8 , 25.00元,8.5,"(
                    25126人评价
                )"
设计中的设计,https://book.douban.com/subject/1941558/,[日] 原研哉 , 山东人民出版社 , 2006-11 , 48.00元,8.6,"(
                    24740人评价
                )"
尼罗河上的惨案,https://book.douban.com/subject/1818347/,[英] 阿加莎·克里斯蒂 , 人民文学出版社 , 2006-5 , 22.00元,8.7,"(
                    24302人评价
                )"
激荡三十年（上）,https://book.douban.com/subject/1970428/,吴晓波 , 中信出版社 浙江人民出版社 , 2007-1 , 35.00,8.8,"(
                    23823人评价
                )"
我执,https://book.douban.com/subject/3642673/,梁文道 , 广西师范大学出版社 , 2010-10 , 35.00元,8.0,"(
                    26328人评价
                )"
未来简史,https://book.douban.com/subject/26943161/,[以色列] 尤瓦尔·赫拉利 , 中信出版集团 , 2017-2 , 68.00元,8.4,"(
                    24569人评价
                )"
我的天才女友,https://book.douban.com/subject/26878124/,[意] 埃莱娜·费兰特 , 人民文学出版社 , 2017-1 , 42.00元,8.5,"(
                    24867人评价
                )"
项链,https://book.douban.com/subject/1258498/,[法] 莫泊桑 , 河北教育出版社 , 2005-2 , 28.00元,8.3,"(
                    24635人评价
                )"
偷书贼,https://book.douban.com/subject/2180619/,[澳] 马克斯·苏萨克 , 南海出版公司 , 2007-8 , 25.00元,8.0,"(
                    25618人评价
                )"
九州·缥缈录,https://book.douban.com/subject/1321017/,江南 , 新世界出版社 , 2005-6 , 20.00元,8.8,"(
                    22424人评价
                )"
父与子全集,https://book.douban.com/subject/1002898/,[德] 埃·奥·卜劳恩 绘 , 中国工人出版社 , 2003-4 , 20.00元,9.2,"(
                    21697人评价
                )"
我的精神家园,https://book.douban.com/subject/1014578/,王小波 , 文化艺术出版社 , 1997 , 18.80元,9.1,"(
                    21836人评价
                )"
流浪地球,https://book.douban.com/subject/3266609/,刘慈欣 , 湖北长江出版集团，长江文艺出版社 , 2008-11 , 28.00元,8.7,"(
                    27795人评价
                )"
罗生门,https://book.douban.com/subject/3136271/,[日]芥川龙之介 , 上海译文出版社 , 2008-7 , 12.00元,8.7,"(
                    22854人评价
                )"
妻妾成群,https://book.douban.com/subject/1025753/,苏童 , 上海文艺出版社 , 2004-8 , 23.00元,8.2,"(
                    24031人评价
                )"
野火集,https://book.douban.com/subject/1426971/,龙应台 , 文汇出版社 , 2005-8 , 25.00元,8.8,"(
                    22264人评价
                )"
人间词话,https://book.douban.com/subject/1203426/,王国维 , 上海古籍出版社 , 1998-12-01 , 9.80元,9.0,"(
                    21663人评价
                )"
占星术杀人魔法,https://book.douban.com/subject/3187737/,[日] 岛田庄司 , 新星出版社 , 2008-9 , 28.00,8.3,"(
                    22962人评价
                )"
海子的诗,https://book.douban.com/subject/1011754/,海子 , 人民文学出版社 , 1999-04 , 15.40,8.9,"(
                    21501人评价
                )"
一千零一夜,https://book.douban.com/subject/1035848/,纳训 , 人民文学出版社 , 2003-01 , 22.0,8.6,"(
                    22315人评价
                )"
浪潮之巅,https://book.douban.com/subject/6709783/,吴军 , 电子工业出版社 , 2011-8 , 55.00元,9.1,"(
                    20774人评价
                )"
第一炉香,https://book.douban.com/subject/1082162/,张爱玲 , 花城出版社 , 1997-3 , 11.5,8.4,"(
                    22826人评价
                )"
芳华,https://book.douban.com/subject/27010212/,严歌苓 , 人民文学出版社 , 2017-4 , 39.00元,8.1,"(
                    23422人评价
                )"
教父,https://book.douban.com/subject/1092335/,[美]马里奥·普佐 , 译林出版社 , 1997-8 , 23.30元,9.0,"(
                    20945人评价
                )"
舞！舞！舞！,https://book.douban.com/subject/1020670/,[日] 村上春树 , 上海译文出版社 , 2002-6 , 25.00元,8.3,"(
                    22954人评价
                )"
娱乐至死,https://book.douban.com/subject/1062193/,[美] 尼尔·波兹曼 , 广西师范大学出版社 , 2011-6 , 29.80元,8.6,"(
                    22244人评价
                )"
面纱,https://book.douban.com/subject/10560798/,(英)W.萨默塞特·毛姆 , 重庆 , 2012-05-01 , 32.00元,8.7,"(
                    21578人评价
                )"
雨季不再来,https://book.douban.com/subject/2136140/,三毛 , 北京十月文艺出版社 , 2007-7 , 28.00元,8.7,"(
                    21488人评价
                )"
斯通纳,https://book.douban.com/subject/26425831/,[美] 约翰·威廉斯 ,上海人民出版社 , 2016-1 , 39.00元,8.8,"(
                    20939人评价
                )"
高效能人士的七个习惯（精华版）,https://book.douban.com/subject/1048007/,[美] 史蒂芬·柯维 , 中国青年出版社 , 2011-6 , 29.00元,8.2,"(
                    22131人评价
                )"
动物凶猛,https://book.douban.com/subject/1143694/,王朔 , 中国电影出版社 , 2004-2 , 15.5,8.3,"(
                    22011人评价
                )"
万水千山走遍,https://book.douban.com/subject/1036490/,三毛 , 哈尔滨出版社 , 2003-08 , 13.80,8.8,"(
                    20395人评价
                )"
哈姆莱特,https://book.douban.com/subject/1006197/,[英] 莎士比亚 , 人民文学出版社 , 2001-1 , 7.00元,8.5,"(
                    21141人评价
                )"
子不语1,https://book.douban.com/subject/4188697/,夏达 , 新世纪出版社 , 2009-12 , RMB36.00,9.0,"(
                    19648人评价
                )"
小姨多鹤,https://book.douban.com/subject/3012517/,严歌苓 , 作家出版社 , 2008-4 , 28.00元,8.6,"(
                    20843人评价
                )"
罗杰疑案,https://book.douban.com/subject/1807516/,[英] 阿加莎·克里斯蒂 , 人民文学出版社 , 2006-5 , 21.00元,8.9,"(
                    19747人评价
                )"
观念的水位,https://book.douban.com/subject/20463108/,刘瑜 , 浙江大学出版社 , 2013-1 , 36.00元,8.3,"(
                    21412人评价
                )"
台北人,https://book.douban.com/subject/5337248/,白先勇 , 广西师范大学出版社 , 2010-10 , 38.00元,8.9,"(
                    19666人评价
                )"
夹边沟记事,https://book.douban.com/subject/3239549/,杨显惠 , 花城出版社 , 2008-09 , 34.00元,9.2,"(
                    18832人评价
                )"
爱的艺术,https://book.douban.com/subject/3026879/,[美] 艾·弗洛姆 , 上海译文出版社 , 2008-4 , 15.00元,8.8,"(
                    19773人评价
                )"
巨流河,https://book.douban.com/subject/4842446/,齐邦媛 , 生活·读书·新知三联书店 , 2010-10 , 39.00元,8.7,"(
                    20080人评价
                )"
中国大历史,https://book.douban.com/subject/1015699/,黄仁宇 , 生活·读书·新知三联书店 , 2007-2 , 19.00元,8.3,"(
                    21036人评价
                )"
雾都孤儿,https://book.douban.com/subject/1203251/,[英]狄更斯 , 上海译文出版社 , 1991-7 , 10.10元,8.1,"(
                    21414人评价
                )"
动物庄园,https://book.douban.com/subject/1018136/,（英）乔治·奥威尔 , 上海人民出版社 , 2000-08 , 18.00,9.1,"(
                    18767人评价
                )"
寻羊冒险记,https://book.douban.com/subject/1031740/,[日] 村上春树 , 上海译文出版社 , 2001-8 , 18.80元,8.1,"(
                    21138人评价
                )"
白银时代,https://book.douban.com/subject/1082150/,王小波 , 花城出版社 , 1997-5 , 10.00元,8.4,"(
                    20452人评价
                )"
新参者,https://book.douban.com/subject/6746289/,[日] 东野圭吾 , 南海出版公司 , 2011-9 , 28.00元,8.4,"(
                    20374人评价
                )"
琅琊榜,https://book.douban.com/subject/2326571/,海宴 , 朝华出版社 , 2007-12 , 49.80元,8.5,"(
                    19311人评价
                )"
云中歌1,https://book.douban.com/subject/2283084/,桐华 , 作家出版社 , 2007-9 , 24.80元,8.1,"(
                    20841人评价
                )"
枪炮、病菌与钢铁,https://book.douban.com/subject/1813841/,[美] 贾雷德·戴蒙德 , 上海世纪出版集团 , 2006-4-1 , 45.00元,8.8,"(
                    19041人评价
                )"
带一本书去巴黎,https://book.douban.com/subject/1001885/,林达 , 生活·读书·新知三联书店 , 2002-5 , 35.00元,8.5,"(
                    19607人评价
                )"
告白,https://book.douban.com/subject/3920130/,湊佳苗 , 時報文化 , 2009年8月31日 , NT$250,8.6,"(
                    19281人评价
                )"
红拂夜奔,https://book.douban.com/subject/1418686/,王小波 , 江苏文艺出版社 , 2005-1 , 28.00元,8.6,"(
                    19201人评价
                )"
来不及说我爱你,https://book.douban.com/subject/1886385/,匪我思存 , 新世界出版社 , 2006-9 , 20.00元,8.1,"(
                    20448人评价
                )"
相约星期二,https://book.douban.com/subject/2194123/,[美] 米奇·阿尔博姆 , 上海译文出版社 , 2007-7 , 19.00元,8.4,"(
                    19539人评价
                )"
退步集,https://book.douban.com/subject/1003284/,陈丹青 , 广西师范大学出版社 , 2005-1 , 38.00元,8.1,"(
                    20172人评价
                )"
可爱的洪水猛兽,https://book.douban.com/subject/3860856/,韩寒 , 万卷出版公司 , 2009-08-01 , 25.00元,8.1,"(
                    20134人评价
                )"
新名字的故事,https://book.douban.com/subject/26986954/,[意] 埃莱娜·费兰特 , 人民文学出版社 , 2017-4 , 59.00元,9.0,"(
                    18092人评价
                )"
