author,comments,name,press,price,rank
埃克苏佩里,63130条评论,小王子（新课标，教育部、清华附小推荐必读书目，入选苏教版语文,辽宁少年儿童出版社,¥15.70,121.
陈卫平,190824条评论,写给儿童的中国地理（全14册）,新世界出版社,¥260.00,122.
马西米利亚诺,142763条评论,那不勒斯的萤火（被誉为欧美文坛近十年来的“灯塔”巨作，跟《追,百花洲文艺出版社,¥42.00,123.
张瑞征,39392条评论,小学生必背文言文 学生版 教育部（语文课程标准）指定篇目,中国少年儿童出版社,¥14.10,124.
兰道尔·门罗,32718条评论,万物解释者,北京联合出版公司,¥52.80,125.
余华,177429条评论,活着（精装版，余华代表作，易烊千玺推荐阅读版本）,北京十月文艺出版社,¥30.90,126.
加西亚·马尔克斯,1224447条评论,马尔克斯：百年孤独（50周年纪念版）,南海出版公司,¥41.30,127.
山下英子,386601条评论,断舍离,广西科学技术出版社,¥23.00,128.
怀左同学,49601条评论,我这么自律，就是为了不平庸至死（500册亲笔签名本随机发）,北京联合出版有限公司,¥25.50,129.
东野圭吾,1227227条评论,东野圭吾：白夜行（2017版，易烊千玺、韩雪推荐，东野圭吾无冕之,南海出版公司,¥41.10,130.
曹文轩,194540条评论,草房子（当当网定制版）,天天出版社有限责任公司,¥17.40,131.
林良,20224条评论,中国传统节日故事（全8册）,贵州人民出版社,¥119.40,132.
劳拉·努梅罗夫,45451条评论,要是你给老鼠吃饼干系列（全9册）,接力出版社,¥109.50,133.
玛兹丽施,513375条评论,如何说孩子才会听 怎么听孩子才肯说（全新修订版）,中央编译出版社,¥30.70,134.
米切尔·恩德,105857条评论,毛毛(米切尔·恩德作品典藏),２１世纪出版社,¥22.10,135.
克利斯提昂,554961条评论,不一样的卡梅拉手绘本（1-12册）,２１世纪出版社,¥70.80,136.
孙武,62215条评论,孙子兵法·三十六计（新课标，完整原文+详细注释+准确翻译+历史故,浙江工商大学出版社,¥16.80,137.
刘永昭,65036条评论,数学绘本（全36册）,长春出版社,¥164.40,138.
乔安娜柯尔,937975条评论,神奇校车·图画书版（全12册，新增《科学博览会》1册）,贵州人民出版社,¥156.40,1.
尼·奥斯特洛夫斯基,2676条评论,钢铁是怎样炼成的(教育部统编《语文》推荐阅读丛书),人民文学出版社,¥27.90,141.
安东尼·布朗,374760条评论,我爸爸+我妈妈（全2册）,   ,¥46.50,139.
施耐庵,83249条评论,水浒传（上下册）（全两册）——中国古典文学读本丛书（九年级上,人民文学出版社,¥50.60,140.
林清玄,102716条评论,人生最美是清欢（林清玄经典散文集，执笔45周年白金纪念版！）,北京十月文艺出版社,¥43.70,41.
太宰治,867970条评论,人间失格（日本小说家太宰治的自传体小说）,作家出版社,¥16.80,2.
周国平,428413条评论,我喜欢生命本来的样子(周国平经典散文作品集),作家出版社,¥32.40,3.
丰子恺,40969条评论,丰子恺万般滋味，都是生活,华中科技大学出版社,¥29.70,4.
张嘉骅,433934条评论,少年读史记（套装全5册）,青岛出版社,¥66.40,5.
余华,1907873条评论,活着（2017年新版）,作家出版社,¥14.00,6.
沈复,802866条评论,浮生六记 （汪涵、胡歌推荐，畅销200万册。沈复给芸娘的绝美情书,天津人民出版社,¥32.00,7.
J.K.罗琳,62175条评论,哈利·波特与死亡圣器（《语文》教材推荐阅读书目，外国儿童文学,人民文学出版社,¥49.00,142.
佐野洋子,247440条评论,活了100万次的猫（珍藏版）,接力出版社,¥27.00,143.
盖尔·霍尼曼,1272条评论,艾莉诺好极了（英美畅销榜榜单图书，感动40国读者，全球88个版本,北京联合出版有限公司,¥35.80,144.
法国,2690条评论,海底两万里(教育部统编《语文》推荐阅读丛书),人民文学出版社,¥27.10,145.
北猫,187620条评论,米小圈脑筋急转弯（套装共4册）,四川少儿出版社,¥40.50,81.
黄仁宇,433510条评论,万历十五年 一本好书 腾讯视频栏目推荐,生活.读书.新知三联书店,¥16.10,42.
玛丽,19054条评论,国际大奖科普绘本（全6册） 获美国妈妈最佳选择奖金奖、美国月光,辽宁少年儿童出版社,¥89.00,43.
简·尼尔森,652405条评论,《正面管教》修订版,北京联合出版公司,¥38.00,44.
郑渊洁,145595条评论,郑渊洁四大名传：皮皮鲁传,浙江少年儿童出版社,¥15.10,45.
英国DK公司,99836条评论,DK幼儿百科全书——那些重要的事,中国大百科全书出版社,¥93.70,61.
陈卫平,526474条评论,写给儿童的中国历史（全14册）,新世界出版社,¥235.50,8.
丹姆,718607条评论,小熊和最好的爸爸（全7册）,贵州人民出版社,¥24.90,9.
乔安娜柯尔,577902条评论,神奇校车·桥梁书版（全20册）,贵州人民出版社,¥106.60,10.
傅雷,16660条评论,傅雷家书（部编本语文教材八年级下册推荐阅读）,北岳文艺出版社,¥22.60,11.
卡勒德·胡赛尼,2244268条评论,追风筝的人（2018年新版）,上海人民出版社,¥18.00,12.
罗广斌,268024条评论,红岩（七年级下册必读）,中国青年出版社,¥22.70,13.
亚米契斯,112801条评论,爱的教育（新课标，夏丏尊先生流芳90年经典译本，享誉世界的儿童,安徽教育出版社,¥13.20,146.
佐佐木圭一,577096条评论,所谓情商高，就是会说话,北京联合出版公司,¥16.00,147.
余秋雨,72793条评论,文化苦旅 新版,长江文艺出版社,¥23.00,148.
阿梅莉·卡斯唐,87907条评论,去旅行系列（全2册）法国教育部推荐！深度知识体系的人文地理百科,广西科学技术出版社,¥136.50,149.
南朝·宋,70616条评论,世说新语（修订版） 无障碍阅读 学生版,北京教育出版社,¥17.40,150.
薛兆丰,48656条评论,薛兆丰经济学讲义,中信出版社,¥40.80,82.
玛丽.居里,18628条评论,居里夫人传（初中语文课外阅读经典读本 教育部推荐中小学生新课标,团结出版社,¥15.50,83.
梭罗,434147条评论,瓦尔登湖(珍藏本) 朗读者朗读书目,中国三峡出版社,¥22.10,84.
冯骥才,132254条评论,俗世奇人（全二册）（第七届鲁迅文学奖获奖作品）,作家出版社,¥22.00,85.
龙应台,56432条评论,天长地久：给美君的信（龙应台2018全新力作）,湖南文艺出版社,¥58.00,86.
马克·李维,1051152条评论,偷影子的人（2018新版）,湖南文艺出版社,¥19.90,46.
说词解字辞书研究中心,121713条评论,小学生必背古诗词75+80首 近12万多读者好评，不同印次随机发货。,华语教学出版社,¥21.70,47.
老舍,18709条评论,骆驼祥子 七年级下 人教版名著阅读课程化丛书 教育部统编教材推荐,人民教育出版社,¥27.90,48.
加·泽文,1050443条评论,岛上书店（每个人的生命中，都有无比艰难的那一年，将人生变得美,江苏文艺出版社,¥27.70,49.
柳青,52328条评论,创业史（七年级下册自主阅读推荐）,中国青年出版社,¥23.90,62.
战国,75037条评论,鬼谷子—中华经典藏书,吉林美术出版社,¥28.00,63.
杨绛,1119420条评论,我们仨（新版）,生活.读书.新知三联书店,¥16.20,64.
东野圭吾,2028821条评论,东野圭吾：解忧杂货店（王俊凯、迪丽热巴主演，这家店帮你找回内,南海出版公司,¥27.30,65.
傅雷,47423条评论,傅雷家书（经典译林 精装本）,译林出版社,¥39.50,66.
怀特,527639条评论,夏洛的网（新）,上海译文出版社,¥16.50,14.
孙幼军,280820条评论,小猪唏哩呼噜(注音版上、下),春风文艺出版社,¥17.40,15.
郑利强,496911条评论,我的第一本地理启蒙书,新世界出版社,¥33.10,16.
路遥,895848条评论,平凡的世界：全三册（八年级下册自主阅读推荐）,北京十月文艺出版社,¥74.50,17.
钱钟书,643591条评论,围城,人民文学出版社,¥24.50,18.
哥伦,399787条评论,霍乱时期的爱情（2015版）  一本好书 腾讯视频栏目推荐,南海出版公司,¥34.20,151.
古斯塔夫·施瓦布,45086条评论,希腊神话故事（新课标，奥林匹斯诸神与英雄们的神话传奇，了解西,浙江工商大学出版社,¥16.10,152.
罗尔德·达尔,189965条评论,罗尔德·达尔作品典藏 查理和巧克力工厂,明天出版社,¥16.13,153.
朱光潜,28314条评论,给青年的十二封信（中学生定制版）部编教材八年级下推荐阅读书系,长江文艺出版社,¥20.20,154.
斯凯瑞,389436条评论,斯凯瑞金色童书·第一辑（全4册）,贵州人民出版社,¥59.20,155.
柴静,723977条评论,看见,广西师范大学出版社,¥21.90,156.
黑柳彻子,912475条评论,窗边的小豆豆(2018版),南海出版公司,¥29.60,21.
夏洛蒂勃朗特,113245条评论,简爱（浙大翻译家宋兆霖翻译，未删减全本。）九年级下册必读书目,作家出版社,¥20.60,87.
山姆·麦克布雷尼,478411条评论,信谊世界精选图画书·猜猜我有多爱你,明天出版社,¥33.63,88.
克莱儿·麦克福尔,1097202条评论,摆渡人（如果命运是一条孤独的河流，谁会是你灵魂的摆渡人？）,百花洲文艺出版社,¥18.00,89.
高春香,531407条评论,这就是二十四节气（中国二十四节气彩绘版，文津图书奖获奖绘本，,海豚出版社,¥73.40,90.
阿西莫夫,116691条评论,银河帝国：基地（被马斯克用火箭送上太空的科幻神作，讲述人类未,江苏文艺出版社,¥27.70,50.
张嘉佳,248488条评论,云边有个小卖部,湖南文艺出版社,¥21.00,51.
安托万·德·圣埃克苏佩里,925977条评论,小王子（畅销300万册，作者基金会官方认证简体中文版）【果麦经典,天津人民出版社,¥16.00,52.
陈果,131630条评论,复旦名师陈果：好的爱情（陈果的爱情哲学课，用哲学的方式告诉你,人民日报出版社,¥30.80,53.
尤瓦尔·赫拉利,413217条评论,见识城邦·人类简史：从动物到上帝（新版）  一本好书 腾讯视频栏,中信出版社,¥42.80,54.
林清玄,60729条评论,愿你，归来仍是少年（林清玄启悟人生系列）,长江文艺出版社,¥19.70,55.
吴敬梓,124420条评论,儒林外史(56回全本，内容考证、文字句读全新修订版。),花山文艺出版社,¥17.30,67.
盖温·肯尼迪,47983条评论,谈判：如何在博弈中获得更多(第四版)Everything is Negotiable,民主与建设出版社,¥29.70,68.
龙应台,524087条评论,目送：龙应台“人生三书”之三（彩插新版）,广西师范大学出版社,¥25.80,69.
丹尼尔·笛福,44278条评论,鲁滨孙漂流记(新课标，鲁滨逊漂流记，据英文原版全译本),浙江工商大学出版社,¥18.80,70.
亚历山德拉·米热林斯卡,634382条评论,地图 人文版（升级版）手绘世界地图 儿童百科绘本,贵州人民出版社,¥119.40,71.
雷蒙德·钱德勒,36904条评论,漫长的告别（怪不得村上春树读了12遍！每每陷入困境，村上春树便,海南出版社,¥51.80,19.
儒勒·凡尔纳,89710条评论,海底两万里（新课标）,浙江工商大学出版社,¥16.80,20.
艾克拜尔,161276条评论,阿凡提经典故事系列丛书（全4册）,新疆青少年出版社,¥48.50,157.
钱穆,107345条评论,中国历代政治得失 钱穆（新校本）,九州出版社,¥12.30,158.
露西·蒙哥马利,52779条评论,绿山墙的安妮（新课标，哈利·波特系列译者马爱农译）,浙江工商大学出版社,¥18.80,159.
达芙妮·斯金纳,167868条评论,数学帮帮忙（全25册）多功能数学绘本,新蕾出版社,¥142.20,22.
高士其,44323条评论,细菌世界历险记（中小学语文新课标必读名著 ）菌儿自传 高士其科,人民邮电出版社,¥14.80,23.
陈果,42561条评论,懂你（复旦名师陈果作品！）,山东画报出版社,¥16.10,24.
凯勒,122838条评论,假如给我三天光明（新课标，名家翻译，非改写&非编译本，海伦·凯,安徽教育出版社,¥12.10,91.
莱曼·弗兰克·鲍姆,103716条评论,百年童话绘本·典藏版（全套30册）当当2018年度常青藤畅销书奖，,北京联合出版公司,¥306.40,92.
高铭,1053045条评论,天才在左 疯子在右(2018全新完整版),北京联合出版有限公司,¥34.70,93.
刘慈欣,9604条评论,流浪地球,中国华侨出版社,¥19.00,94.
傅雷,76270条评论,傅雷家书(学生读本),译林出版社,¥24.10,56.
李思圆,311697条评论,生活需要仪式感 （把温暖和感动带给你在乎的人）,山东文艺出版社,¥21.20,57.
张天翼,32295条评论,大林和小林（新课标全本，荣获豆瓣8.9高评分的经典童话，被誉为中,浙江工商大学出版社,¥12.40,58.
张文成,79532条评论,墨菲定律,古吴轩出版社,¥21.90,59.
李渔,185638条评论,笠翁对韵 中华经典儿童启蒙  注音+注释+典故 每日诵读十分钟 打好,中国文史出版社,¥13.10,72.
刘慈欣,5727条评论,流浪地球（又名流浪的地球，刘慈欣作品，根据本书改编的同名电影,浙江教育出版社,¥16.00,73.
曹文轩,248173条评论,曹文轩文集典藏版（全7册）,天天出版社有限责任公司,¥116.80,74.
英格丽,89527条评论,多莱尔的希腊神话书（畅销千万册，纽约公共图书馆“百年百佳书”,江苏教育出版社,¥44.00,75.
古斯塔夫·勒庞,109082条评论,乌合之众 : 大众心理研究,民主与建设出版社,¥17.40,76.
林格伦,118446条评论,林格伦儿童文学作品集·典藏版——长袜子皮皮,中国少年儿童出版社,¥18.20,77.
姜自霞,178213条评论,魔法拼音国（套装 共7册）,浙江少年儿童出版社,¥61.90,160.
奥斯特洛夫斯基,56111条评论,钢铁是怎样炼成的（新课标）非改写，更适合青少年阅读，越是艰苦,浙江工商大学出版社,¥17.40,25.
野口哲典,63651条评论,数学原来可以这样学（畅销日本300万册，小学生家长必备。让孩子爱,湖南人民出版社,¥26.50,26.
毛姆,288630条评论,月亮和六便士（全新导读无删节详注版！ 半年创当当110000名读者五,时代文艺出版社,¥17.80,27.
史蒂夫,153728条评论,养育男孩（典藏版）,中信出版社,¥24.00,95.
姜戎,269890条评论,狼图腾(修订版)（一部描绘、研究蒙古草原狼的“旷世奇书”）（1-,长江文艺出版社,¥31.40,96.
菲比·吉尔曼,285658条评论,信谊世界精选图画书·爷爷一定有办法,明天出版社,¥33.63,97.
慕颜歌,328575条评论,你的善良必须有点锋芒,古吴轩出版社,¥21.90,98.
佟洵,8646条评论,国家宝藏 100件文物讲述中华文明史,四川人民出版社,¥49.90,60.
林清玄,14938条评论,林清玄散文精选（套装两册）,作家出版社,¥56.00,78.
罗贯中,93383条评论,三国演义（上 下 ）（全二册）（1-9年级必读书单）,人民文学出版社,¥39.50,79.
吴承恩,126141条评论,西游记原著版（上、下册）七年级上册必读（1-9年级必读书单）,人民文学出版社,¥47.20,80.
乔斯坦·贾德,104459条评论,苏菲的世界（新版）,作家出版社,¥22.80,28.
马克·吐温,61553条评论,汤姆·索亚历险记（新课标全译本，万条读者五星好评，北大著名翻,浙江工商大学出版社,¥16.10,29.
林汉达,215287条评论,上下五千年（最新版）,少年儿童出版社,¥55.60,30.
耿帅,202348条评论,所有失去的都会以另一种方式归来（随书附赠限量珍藏版明信片×精,九州出版社,¥19.90,31.
林海音,128660条评论,城南旧事（新课标，“华语文坛祖母”林海音怀念童年的自传体短篇,安徽教育出版社,¥14.40,99.
毛姆,437461条评论,月亮与六便士（新版未删节！2018当当名著销量桂冠！2017豆瓣阅读,浙江文艺出版社,¥28.60,32.
老舍,56675条评论,骆驼祥子（新课标）老舍经典小说，更适合青少年阅读的佳本,浙江工商大学出版社,¥14.70,33.
林语堂,294670条评论,苏东坡传（林语堂精装2018版）（1-9年级必读书单）,湖南文艺出版社,¥43.40,34.
曹雪芹,255268条评论,红楼梦原著版（上、下册）（全两册）（1-9年级必读书单）,人民文学出版社,¥59.70,35.
闫仲渝,15557条评论,傅雷家书（新课标经典文学名著金库名师精评版！名校班主任、语文,天地出版社,¥16.00,101.
蔡崇达,582435条评论,皮囊（畅销250万册的国民读本，韩寒监制，刘德华、李敬泽作序。繁,天津人民出版社,¥21.80,100.
陈果,131712条评论,复旦名师陈果：好的孤独（复旦名师陈果博士，用哲学的方式告诉你, 江苏凤凰文艺出版社,¥28.40,36.
刘慈欣,621571条评论,三体：全三册 刘慈欣代表作，亚洲首部“雨果奖”获奖作品！,重庆出版社,¥55.80,37.
金波,179446条评论,乌丢丢的奇遇 曹文轩推荐儿童文学经典书系150000多名读者热评！,北京教育出版社,¥14.30,38.
刘慈欣,40012条评论,银火箭少年科幻系列 （8册。亚洲首位“雨果奖”得主刘慈欣主编，,浙江教育出版社,¥176.60,39.
冰波,47096条评论,蓝鲸的眼睛 曹文轩推荐儿童文学经典书系 15000多名读者热评！,北京教育出版社,¥12.90,102.
陈丹燕,138654条评论,我的妈妈是精灵(百万纪念版，全新修订，入选小学生基础阅读书目）,福建少年儿童出版社,¥16.60,103.
J.K.罗琳,134324条评论,哈利·波特与魔法石（《语文》教材推荐阅读书目，外国儿童文学经,人民文学出版社,¥27.40,104.
去旅行,9048条评论,去旅行系列（中国版）2018年度最值得期待的原创作品,广西科学技术出版社,¥68.30,105.
玖月晞,26852条评论,少年的你，如此美丽(金马影后周冬雨 ，TFBOYS当红小生易烊千玺主,百花洲文艺出版社,¥26.70,241.
蔡康永,49711条评论,蔡康永的情商课：为你自己活一次（印章版）,湖南文艺出版社,¥31.50,40.
孙肇志,18875条评论,过年啦-节日体验立体绘本,未来出版社,¥67.80,106.
莳田晋至,184819条评论,在教室说错了没关系,青岛出版社,¥23.90,107.
余华,177367条评论,许三观卖血记（新版）,作家出版社,¥16.00,108.
林汉达,227434条评论,林汉达中国历史故事集（珍藏版）,中国少年儿童出版社,¥38.20,109.
安徒生,77379条评论,安徒生童话（新课标，伴随一代代孩子们成长的童话故事，著名儿童,安徽教育出版社,¥13.20,242.
托马斯·马卡卡罗,7761条评论,空间简史(与《时间简史》《人类简史》《未来简史》并称“四大简史,四川文艺出版社,¥19.90,243.
大冰,449156条评论,你坏（大冰2018作品！预售10分钟8.6万册+，30分钟突破11.8万册，,湖南文艺出版社,¥21.80,244.
尼古拉斯·艾伦,208688条评论,小威向前冲,贵州人民出版社,¥25.60,245.
吴涵碧,90411条评论,吴姐姐讲历史故事(精美盒装，青少版，全15册）,新世界出版社,¥264.00,246.
安妮·默勒,161691条评论,一粒种子的旅行,南海出版公司,¥27.60,161.
曹文轩,259383条评论,曹文轩文集-草房子,天天出版社有限责任公司,¥15.10,261.
中国国家博物馆,43021条评论,中国国家博物馆儿童历史百科绘本（5册）,人民邮电出版社,¥159.20,110.
王小波,73234条评论,沉默的大多数（又名《一只特立独行的猪》）,北京联合出版公司,¥23.40,111.
戴维·伽特森,263251条评论,雪落香杉树 (福克纳奖得主，全球畅销500万册),作家出版社,¥39.00,112.
儒勒·凡尔纳,14118条评论,海底两万里 七年级下 人教版名著阅读课程化丛书 教育部统编教材推,人民教育出版社,¥37.60,113.
司汤达,18793条评论,红与黑（高晓松推荐、央视官方收藏版本）（法文直译无删节，法国,天津人民出版社,¥42.00,221.
林清玄,88833条评论,校园推荐版：林清玄散文集(青少年版)系列—林清玄散文自选集（少,河北教育出版社,¥15.60,247.
稻盛和夫,170652条评论,阿米巴经营——畅销十周年纪念版，当当全国独家（团购，请致电01,中国大百科全书出版社,¥21.00,248.
肖卫,112957条评论,为你自己读书,中国华侨,¥17.00,249.
伍绮诗,341868条评论,无声告白（就是她！征服欧美文坛的华裔作家！）,江苏文艺出版社,¥27.70,162.
斯塔夫里阿诺斯,254960条评论,全球通史:从史前史到21世纪（第7版修订版上下册，当当独家赠送全,北京大学出版社,¥66.20,163.
皮姆,111499条评论,我不敢说，我怕被骂,北京联合出版公司,¥22.60,164.
傅雷,6321条评论,傅雷家书 : 新课标本,译林出版社,¥32.10,165.
夏目漱石,92301条评论,我是猫（人类一思考，猫君就发笑。日本“国民大师”夏目漱石笔下,浙江文艺出版社,¥39.80,166.
老舍,11272条评论,骆驼祥子（“教育部统编《语文》推荐阅读丛书”）,人民文学出版社,¥20.20,262.
丰子恺,22098条评论,丰子恺愿你一生清澈明朗,现代出版社,¥39.80,263.
玛乌戈热塔·梅切尔斯卡,12667条评论,《不可思议的发明》手绘科普绘本,贵州人民出版社,¥54.00,264.
王国维,350888条评论,人间词话（近代极富盛名的词话著作，集编、校、释、评于一体，赏,北京联合出版公司,¥20.00,114.
北猫,113983条评论,米小圈上学记一年级（套装共4册）,四川少儿出版社,¥63.20,115.
曹文轩,54649条评论,青铜葵花（当当网定制版）,天天出版社有限责任公司,¥17.40,222.
克里斯多福·孟,159735条评论,亲密关系：通往灵魂的桥梁（2015全新修订版）,湖南文艺出版社,¥20.60,223.
J.K.罗琳,162912条评论,哈利·波特（套装1-7册）《语文》教材推荐阅读书目，外国儿童文学,人民文学出版社,¥285.90,224.
鲁迅,142703条评论,朝花夕拾（新课标修订版）,安徽教育出版社,¥12.10,225.
康恩·伊古尔登,113306条评论,男孩的冒险书（少儿绘图版，全三册）,广西科学技术出版社,¥125.10,250.
海明威,108184条评论,老人与海（新版！未删节插图珍藏版，《暗算》作者、茅奖得主麦家,浙江文艺出版社,¥29.90,251.
莫言,1703条评论,莫言给孩子的八堂文学课(莫言给孩子们的文学启蒙读本，当当上市次,浙江文艺出版社,¥27.00,181.
怀德,40065条评论,草原上的小木屋 曹文轩推荐儿童文学经典书系 12000多名读者热评！,北京教育出版社,¥12.90,167.
罗曼罗兰,69646条评论,名人传（“人类有史以来的30本好书”之一，经典全译本）,作家出版社,¥18.80,168.
英国快乐瓢虫出版公司,265871条评论,小猪佩奇（全10册）,安徽少年儿童出版社,¥81.50,265.
南怀瑾,13051条评论,论语别裁（独家授权简体版套装两册）,东方出版社,¥73.50,266.
丹尼尔·笛福,20060条评论,鲁滨逊漂流记（精装版）（语文新课标课外阅读书目国家教育部推荐,江苏文艺出版社,¥23.80,267.
弗雷德里克·巴克曼,274272条评论,外婆的道歉信（马思纯领读书目，人民日报、央视推荐。年度口碑爆,天津人民出版社,¥24.40,268.
芥川龙之介,89462条评论,罗生门（芥川龙之介小说集）《人间失格》作者太宰治是芥川的头号,时代文艺出版社,¥20.80,116.
北猫,182204条评论,米小圈漫画成语（套装共4册）,四川少儿出版社,¥46.80,117.
斯蒂芬·茨威格,72010条评论,一个陌生女人的来信（茨威格中短篇小说选，豆瓣9.4高评分译作，德,时代文艺出版社,¥14.50,118.
沈石溪,33461条评论,动物小说大王沈石溪·品藏书系：狼王梦（升级版）,浙江少年儿童出版社,¥15.60,281.
宫西达也,10843条评论,宫西达也精选绘本（数学绘本+超人绘本+暖心绘本！第2辑，全5册）,青岛出版社,¥58.40,226.
李诞,75354条评论,笑场（2017精装版）,湖南文艺出版社,¥36.00,227.
肯尼思·格雷厄姆,50705条评论,柳林风声（新课标经典插图本，著名儿童翻译家张炽恒全本全译）,北京联合出版公司,¥14.10,228.
徐光耀,5377条评论,小兵张嘎（“教育部统编《语文》推荐阅读丛书”）,人民文学出版社,¥23.30,252.
雨果Victor,129211条评论,巴黎圣母院 世界十大文学名著,上海文艺出版社,¥25.00,253.
林奕含,86646条评论,房思琪的初恋乐园,北京联合出版有限公司,¥31.10,254.
王小波,73149条评论,爱你就像爱生命（精装彩插典藏版）,湖南文艺出版社,¥39.80,255.
伊丽莎白·弗迪克,110714条评论,手不是用来打人的（儿童好品德系列，全5册）,贵州教育出版社,¥65.70,256.
米切尔.恩德,131964条评论,犟龟,二十一世纪出版社,¥19.80,182.
渡边淳一,87378条评论,钝感力（渡边淳一经典：具备不为小事动摇的钝感力，才能成为真正,青岛出版社,¥24.00,183.
蔡康永,6604条评论,蔡康永经典系列套装（蔡康永的说话之道1.2+蔡康永的情商课）,湖南文艺出版社,¥53.20,169.
岛田洋七,143836条评论,佐贺的超级阿嬷,南海出版公司,¥23.50,170.
路遥,123325条评论,平凡的世界：普及本,北京十月文艺出版社,¥29.90,171.
贾尼,12022条评论,罗大里经典作品--洋葱头历险记  (新课标必读),中国少年儿童出版社,¥16.20,269.
克莉司德·布提可南,3023条评论,多向思考者：高敏感人群的内心世界,北京联合出版公司,¥31.50,270.
本吉·戴维斯,70304条评论,小熊很忙系列（套装全16册）,中信出版社,¥372.70,271.
海明威,259769条评论,诺奖少年版（全套30册）2018年中童书畅销榜TOP3！日销售ZUI高达5,辽宁少年儿童出版社,¥364.30,119.
戴尔·卡耐基,397481条评论,人性的弱点（薛之谦推荐，畅销100万册）【果麦经典】,天津人民出版社,¥21.40,120.
玛格丽特·怀兹·布朗,216808条评论,信谊世界精选图画书·逃家小兔 ,明天出版社,¥29.29,282.
李宗吾,24539条评论,厚黑学全集（足本典藏版，林语堂、南怀瑾、柏杨、李敖历经沉浮，,中国友谊出版公司,¥11.60,283.
熊亮,24931条评论,一园青菜成了精（国际安徒生奖提名画家熊亮作品，中国原创绘本经,天津人民出版社,¥15.80,284.
张秋生,5839条评论,8册百篇张秋生小巴掌童话注音版一二年级课外书必读三年级课外阅读,山东科学技术出版社,¥55.80,229.
思睿,100613条评论,唐诗三百首 小学生 成长必读 绘本 注音版,北方妇女儿童出版社,¥22.00,230.
毛姆,197790条评论,译文经典精装系列·月亮和六便士(看“一本好书”，在当当享阅读之,上海译文出版社,¥36.00,231.
杰里·斯皮内利,40337条评论,长青藤国际大奖小说书系：想赢的男孩,云南出版集团公司 晨光出版社,¥15.00,232.
克莱儿·麦克福尔,323687条评论,摆渡人2：重返荒原（每一个镌刻着爱与善意的灵魂，都会成为我们生,百花洲文艺出版社,¥21.40,257.
乔纳森·斯威夫特,39570条评论,格列佛游记（新课标，翻译家白马先生全译本，非改写&非编译，快跟,浙江工商大学出版社,¥16.10,258.
吴承恩,72461条评论,西游记 (新课标 青少版),浙江教育出版社,¥17.40,259.
保罗·柯艾略,393085条评论,牧羊少年奇幻之旅（央视《朗读者》、湖南卫视《天天向上》、黄轩,北京十月文艺出版社,¥26.30,184.
David,103558条评论,DK万物运转的秘密（斩获文津奖、安万特图书奖，从生活细微处着手,电子工业出版社,¥86.90,185.
林海音,63860条评论,城南旧事：一部触动千万读者灵魂的童年离骚,江苏人民出版社,¥19.30,172.
张乐平,338437条评论,三毛流浪记（彩图注音读物）,少年儿童出版社,¥29.60,173.
米切尔·恩德,134857条评论,永远讲不完的故事(新译本),２１世纪出版社,¥33.10,174.
莫里斯·梅特林克,27694条评论,青鸟（新课标。北大著名翻译家、2012年“傅雷翻译出版奖”获得者,浙江工商大学出版社,¥12.70,272.
李宗吾,110272条评论,厚黑学(李宗吾著),群言出版社,¥19.30,273.
王一梅,9716条评论,打动孩子心灵的中国经典-鼹鼠的月亮河,中国少年儿童出版社,¥18.20,274.
冯骥才,60744条评论,俗世奇人（足本）（第七届鲁迅文学奖获奖作品）,人民文学出版社,¥17.10,201.
申惠恩,67651条评论,你好！数学套装珍藏版（套装30本）,湖北少儿出版社,¥151.60,285.
林世仁,86216条评论,字的童话（全7册）,贵州人民出版社,¥69.70,286.
哈珀.李,225255条评论,杀死一只知更鸟（纪念版）,译林出版社,¥25.10,287.
董卿,67986条评论,朗读者（青少版） 人民文学出版社,人民文学出版社,¥30.80,288.
弗朗西丝·霍奇森·伯内特,69740条评论,秘密花园(新课标，翻译文化终身成就奖获得者李文俊倾情翻译),北京联合出版公司,¥15.20,233.
史蒂芬·霍金,429420条评论,时间简史（插图本）（央视《朗读者》推荐）,湖南科技出版社,¥31.05,234.
艾德兰,132018条评论,我们的身体,未来出版社,¥105.30,235.
张爱玲,256630条评论,张爱玲全集01：倾城之恋（2012年全新修订版，收录《金锁记》《第,北京十月文艺出版社,¥26.30,260.
松田孝,10928条评论,孩子看的编程启蒙书（全4册）,青岛出版社,¥65.00,186.
杰奎琳·凯利,83条评论,达尔文女孩,贵州人民出版社,¥23.40,187.
贾平凹,615227条评论,自在独行     贾平凹的独行世界,长江文艺出版社,¥21.50,188.
郑渊洁,29918条评论,舒克贝塔传（全10册）,浙江少年儿童出版社,¥120.70,175.
希利尔,166408条评论,希利尔讲世界史、世界地理、艺术史 套装,贵州教育出版社,¥90.50,176.
图说天下·国家地理,127637条评论,走遍中国 图说天下 国家地理,北京联合出版公司,¥13.70,177.
鲁迅,115046条评论,阿Q正传（“精神胜利法”的悲喜剧，另收录《狂人日记》等鲁迅名篇,北京联合出版公司,¥13.20,275.
周霞,9786条评论,拼音真好玩（全彩6册）（从幼小衔接到一年级，拼音学习必备启蒙书,电子工业出版社,¥67.30,276.
欧内斯特米勒尔海明威,148749条评论,老人与海（人可以被毁灭，却不可以被战胜。后附《太阳照常升起》,作家出版社,¥18.50,277.
东野圭吾,116224条评论,放学后（东野圭吾成名作）,南海出版公司,¥39.80,202.
尼·奥斯特洛夫斯基,8147条评论,钢铁是怎样炼成的（未删节全译本）,江苏文艺出版社,¥23.30,203.
瑞·达利欧,134771条评论,原则 principles 雷·达里奥著 跨年演讲推荐图书 团购电话:40010,中信出版社,¥58.80,204.
乔安娜·柯尔,119724条评论,神奇校车·手工益智版（全8册）,贵州人民出版社,¥85.30,205.
丹尼尔,66744条评论,鲁滨逊漂流记 新版（新课标必读 无障碍阅读素质版 朱永新及各省级,商务印书馆,¥19.50,289.
金波,6291条评论,中国神话故事（注音美绘本）全国著名语文特级教师 窦桂梅推荐 小,北京教育出版社,¥17.80,290.
怀特,55790条评论,吹小号的天鹅（新）,上海译文出版社,¥21.30,291.
莱曼·弗兰克·鲍姆,63491条评论,绿野仙踪（新课标原版插图本，著名儿童文学翻译家张炽恒倾情翻译,北京联合出版公司,¥13.40,292.
东野圭吾,428476条评论,东野圭吾：恶意（2016版，东野圭吾四大杰作之一）,南海出版公司,¥29.60,236.
F.S.菲兹杰拉德,44583条评论,了不起的盖茨比（我抹掉过去，只为了让爱重来！2018全新译本，诗,时代文艺出版社,¥17.20,237.
多米蒂耶·德普雷桑塞,9804条评论,红帽子艾米莉（共24册） 法国经典畅销绘本，助孩子轻松解决成长问,辽宁少年儿童出版社,¥91.00,238.
埃德加·斯诺,250979条评论,红星照耀中国（青少版）人民文学出版社,人民文学出版社,¥26.00,189.
乔治·奥威尔,56016条评论,一九八四（又译作“1984”）,时代文艺出版社,¥21.40,190.
卜劳恩,71941条评论,父与子全集(郑渊洁唯一推荐版本，亲子同读必备经典！)作家榜经典,浙江文艺出版社,¥29.90,191.
萧红,163043条评论,呼兰河传（《呼兰河传》和《生死场》的合编本）,北京联合出版公司,¥19.30,192.
老杨的猫头鹰,188969条评论,好看的皮囊千篇一律，有趣的灵魂万里挑一（老杨的猫头鹰最新作品,现代出版社,¥25.80,178.
马歇尔,265545条评论,非暴力沟通,华夏出版社,¥31.80,179.
陈磊,848387条评论,半小时漫画中国史1+中国史2+中国史3+世界史（套装共4册，作者签章,江苏文艺出版社,¥110.10,180.
聂作平,60725条评论,中国神话故事（注音全彩修订本套装3本）,春风文艺出版社,¥36.90,278.
卡尔森,92504条评论,我喜欢自己,河北教育出版社,¥21.90,279.
丁立梅,29981条评论,风会记得一朵花的香（修订版）,金城出版社,¥29.80,280.
杨伯峻,181814条评论,论语译注（简体字本）  2017修订新版,中华书局,¥17.80,206.
刘易斯·卡罗尔,42535条评论,爱丽丝漫游奇境记（新课标经典插图本）,北京联合出版公司,¥12.10,207.
佐佐木洋子,667088条评论,小熊宝宝绘本（2018版全15册）蒲蒲兰经典畅销绘本！新手妈妈的育,连环画出版社,¥69.80,208.
约翰范登,90295条评论,不可不知的科学,长江少年儿童出版社,¥28.20,209.
杨红樱,48958条评论,亲爱的笨笨猪系列（6册套装）,安徽少年儿童出版社,¥73.40,293.
龙应台,156813条评论,亲爱的安德烈（插图第2版）,广西师范大学出版社,¥22.70,294.
张嘉骅,57758条评论,少年读西游记（套装全3册）,青岛出版社,¥59.30,295.
埃·奥·卜劳恩,57610条评论,父与子全集（全彩版）,浙江工商大学出版社,¥23.80,296.
乔安娜柯尔,241018条评论,神奇校车·阅读版（全16册）,贵州人民出版社,¥91.00,239.
费孝通,87775条评论,乡土中国（精装）,人民出版社,¥12.30,240.
林格伦,20528条评论,林格伦作品集·美绘版——淘气包埃米尔,中国少年儿童出版社,¥16.20,193.
当年明月,167523条评论,明朝那些事儿全集 增补版（新版全套9册）,北京联合出版有限公司,¥153.40,194.
卡耐基,98604条评论,人性的弱点,北京联合出版公司,¥19.70,195.
奥斯丁,87535条评论,傲慢与偏见（孙致礼先生的译本，幽默&唯美，豆瓣评分9.1分）,西安交通大学出版社,¥21.80,196.
林熙,74350条评论,余生很长，何必慌张（林熙新书）,江苏凤凰文艺出版社,¥27.40,197.
伊内斯·特谢拉·多罗萨里奥,44617条评论,去野外（博洛尼亚童书金奖、文津图书奖获奖作品）,广西科学技术出版社,¥61.90,381.
太宰治,13361条评论,人间失格（新版！太宰治逝世70周年无删节典藏版，日本野间文艺翻,江苏文艺出版社,¥29.90,341.
余秋雨,349380条评论,余秋雨 文化苦旅（1-9年级必读书单）,长江文艺出版社,¥26.20,301.
北猫,88311条评论,米小圈上学记二年级（套装共4册）,四川少儿出版社,¥63.20,210.
迪米特尔茵可夫,109427条评论,我和小姐姐克拉拉（共3册）1.2.3 经典完全本,二十一世纪出版社,¥34.20,211.
芭芭拉库尼,209044条评论,花婆婆,河北教育出版社,¥21.30,212.
萧红,65341条评论,呼兰河传（新课标-修订版，《呼兰河传》和《生死场》合集）,安徽教育出版社,¥18.80,297.
蕊希,81623条评论,总要习惯一个人（蕊希2018年全新力作）,湖南文艺出版社,¥41.50,298.
陈卫平,115827条评论,写给儿童的世界历史（全16册）,贵州教育出版社,¥273.80,299.
骆玉明,64829条评论,诗经（韩寒推荐，全三册注音插图版）,三秦出版社,¥138.00,300.
三毛,191309条评论,三毛全集02：撒哈拉的故事（1-9年级必读书单）,北京十月文艺出版社,¥26.20,198.
Steve,94773条评论,养育女孩,中信出版社,¥24.00,199.
卡洛,58548条评论,木偶奇遇记 新版 彩绘注音版 小学语文新课标必读丛书,南京大学出版社,¥12.80,200.
马克吐温,48915条评论,王子与贫儿（“马克·吐温”作品翻译权威张友松先生经典全译本）,作家出版社,¥13.40,382.
蔡康永,282476条评论,蔡康永的说话之道套装（全二册）,湖南文艺出版社,¥38.30,383.
陈磊,723281条评论,半小时漫画中国史3（《半小时漫画中国史》系列第3部，其实是一本,海南出版社,¥27.50,342.
北猫,102898条评论,米小圈上学记四年级（套装共4册）,四川少儿出版社,¥63.20,343.
故宫出版社,79285条评论,故宫日历2019年,故宫出版社,¥41.80,344.
王一梅,49484条评论,王一梅童书经典长篇童话--鼹鼠的月亮河,新蕾出版社,¥16.20,345.
谢尔·希尔弗斯坦,114133条评论,失落的一角（2018版）,北京联合出版有限公司,¥30.00,302.
乔瑞玲,63246条评论,董卿：做一个有才情的女子,百花洲文艺出版社,¥31.90,303.
林语堂,20256条评论,苏东坡传（图文典藏版）,湖南人民出版社,¥34.50,304.
西顿,18466条评论,西顿野生动物故事集 （新课标语文必读丛书 科学素养阅读 彩绘插图,人民邮电出版社,¥16.10,213.
黄保余,38754条评论,语文阅读得高分策略与技巧 小学卷（黄保余老师教你掌握小学语文阅,化学工业出版社,¥20.40,214.
美曼狄诺,58905条评论,羊皮卷大全集（畅销珍藏本）,黑龙江科学技术出版社,¥28.00,215.
随园散人,62370条评论,李清照传：半生烟雨，半世落花,人民交通出版社,¥27.00,361.
李诞,63698条评论,冷场（李诞2018年新书）,四川文艺出版社,¥26.00,384.
当年明月,218267条评论,明朝那些事儿全集 : 图文增补版全9册（新版）,北京联合出版公司,¥213.80,385.
陈磊,171990条评论,半小时漫画世界史（其实是一本严谨的极简世界史。）,江苏凤凰文艺出版社,¥27.50,386.
格里贝利,87099条评论,走进奇妙的几何世界（全6册）,浙江教育出版社,¥59.80,321.
郑渊洁,36599条评论,皮皮鲁和鲁西西流星系列（包含驯兔记等共9册）,浙江少年儿童出版社,¥98.70,346.
熊培云,66145条评论,自由在高处（增订版）,新星出版社,¥24.40,347.
王小波,218984条评论,一只特立独行的猪,北京十月文艺出版社,¥22.80,348.
卡罗尔·德韦克,52581条评论,终身成长：重新定义成功的思维模式,江西人民出版社,¥34.30,349.
托比杨·埃格纳,43066条评论,豆蔻镇的居民和强盗（注音版）中小学生课外阅读推荐图书,陕西人民教育出版社,¥13.80,305.
马伯庸,65309条评论,长安十二时辰（上下册）,湖南文艺出版社,¥79.60,306.
北京小红花图书工作室,56442条评论,邦臣小红花·0-3岁专注力训练贴纸书 全6册,中国人口出版社,¥40.30,307.
亨利·法布尔,55206条评论,昆虫记（文前33张共8页高清彩色照片图+系统分类目录+昆虫谱系表+,时代文艺出版社,¥27.70,308.
乔斯坦·贾德,33720条评论,苏菲的世界（软精装）八年级下册自主阅读推荐,作家出版社,¥32.60,216.
杨其铎,164165条评论,四五快读 全彩图升级版——幼儿快速识字阅读法（全8册）(让孩子爱,湖南科技出版社,¥176.20,217.
斯蒂文·谢尔弗,184670条评论,美国儿科学会育儿百科（第6版，2018全新增订),北京科学技术出版社,¥53.40,218.
爱华文,544条评论,中国传统节日故事 小学语文课外读物 （收录专家解读节日和习俗，,团结出版社,¥14.20,362.
沈从文,73900条评论,湘行散记（七年级上册自主阅读推荐）,江苏人民出版社,¥17.20,363.
查尔斯·狄更斯,65933条评论,雾都孤儿（著名翻译家黄水乞教授全译本，讲述黑暗中闪现的人性光,作家出版社,¥19.70,364.
奥斯特洛夫斯基,103924条评论,钢铁是怎样炼成的 黑皮阅读 八年级下 中小学生推荐阅读名著 9万+,陕西师范大学出版社,¥14.30,387.
罗伯特·清崎,309081条评论,富爸爸穷爸爸（20周年修订版）（团购，请致电010-57993380）,四川人民出版社,¥33.10,388.
史蒂芬·柯维,211031条评论,高效能人士的七个习惯（30周年纪念版）：打造一套全新的思维方式,中国青年出版社,¥58.50,389.
芭芭拉.明托,242355条评论,金字塔原理（麦肯锡40年经典培训教材）,南海出版公司,¥39.20,390.
斯蒂芬·茨威格,118041条评论,人类的群星闪耀时：十四篇历史特写（增订版）七年级下册推荐课外,生活.读书.新知三联书店,¥16.80,322.
阿曼达·伍德,974条评论,好奇树：自然世界（孩子身边的自然博物馆，深度知识体系的百科全,长江少年儿童出版社,¥84.90,323.
邱昭瑜,119282条评论,有故事的汉字 第1辑（当当独家订制版，全3册）,青岛出版社,¥39.80,350.
闻钟,27200条评论,阿凡提的故事 新版 彩绘注音版 小学语文新课标必读丛书,南京大学出版社,¥12.80,351.
刘易斯,101772条评论,纳尼亚传奇(全辑共7册),译林出版社,¥64.60,352.
巴金,65516条评论,家（巴金代表作，激流三部曲第一部，人民文学出版社2018年新版）,人民文学出版社,¥37.90,353.
金庸,67709条评论,金庸作品集(朗声旧版)金庸全集(05－08)－射雕英雄传(全四册)（1-,广州出版社,¥68.80,354.
墨羽◎,10104条评论,受益一生的墨菲定律,中国商业出版社,¥23.40,309.
秦文君,52681条评论,贾里贾梅大系  男生贾里全传,少年儿童出版社,¥18.90,310.
郑渊洁,87965条评论,郑渊洁四大名传：鲁西西传,浙江少年儿童出版社,¥15.10,219.
王小波,81076条评论,沉默的大多数：王小波作品（插图珍藏本）,湖南文艺出版社,¥38.00,220.
东野圭吾,303279条评论,秘密 （东野圭吾创作生涯里程碑）,南海出版公司,¥39.80,421.
史铁生,85918条评论,我与地坛（纪念版）（1-9年级必读书单）,人民文学出版社,¥25.20,401.
吴敬梓,5698条评论,儒林外史(教育部统编《语文》推荐阅读丛书),人民文学出版社,¥34.90,365.
奥斯特洛夫斯基,14937条评论,钢铁是怎样炼成的 新版 部编教材八年级（下）推荐必读篇目（全译,商务印书馆,¥28.90,366.
冰心,142566条评论,蝴蝶·豌豆花（平装）,河北教育出版社,¥15.40,367.
李毓佩,37172条评论,中国科普名家名作·数学故事专辑(典藏版）5册/套,中国少年儿童出版社,¥57.40,368.
吴楚材,134321条评论,古文观止（上下）,浙江教育出版社,¥34.80,391.
冬野一子,3678条评论,0-3岁亲子游戏纸板书（全5册）,长江少年儿童出版社,¥132.00,392.
冯友兰,140070条评论,中国哲学简史,北京大学出版社,¥26.20,393.
儒勒·加布里埃尔·凡尔纳,45022条评论,海底两万里（新阅读小学新课标阅读精品书系第二辑）彩绘注音版 儿,山东教育出版社,¥12.30,394.
余华,312800条评论,第七天（2018版）,新星出版社,¥34.90,324.
纳迪娜·布兰,47468条评论,有你真好（全三册）,新疆青少年出版社,¥31.40,325.
莫提默·J.艾德勒,242549条评论,如何阅读一本书,商务印书馆,¥29.90,326.
培生集团,296936条评论,培生幼儿英语：预备级（升级版）,湖北少儿出版社,¥78.30,327.
东野圭吾,654041条评论,东野圭吾：嫌疑人X的献身（王凯、张鲁一推荐，至为纯粹的爱情，绝,南海出版公司,¥26.30,355.
马克·吐温,71926条评论,百万英镑（马克·吐温经典作品集，“马克·吐温”翻译权威张友松,作家出版社,¥16.50,356.
高苏珊娜,250496条评论,法布尔昆虫记（全10册）（儿童彩图版）,北京科学技术出版社,¥138.60,357.
王小波,69956条评论,沉默的大多数（手稿珍藏版）,北京十月文艺出版社,¥30.90,358.
奥斯丁,39077条评论,傲慢与偏见 世界名著典藏,中央编译出版社,¥15.90,311.
陈磊,488461条评论,半小时漫画中国史（修订版）（其实是一本严谨的极简中国史。团购,江苏文艺出版社,¥27.50,312.
安房直子,56872条评论,安房直子月光童话系列（全5册）,接力出版社,¥54.00,313.
阿加莎.克里斯蒂,156848条评论,无人生还：阿加莎 克里斯蒂作品集10（销售记录超过一亿册的侦探小,新星出版社,¥16.80,422.
哈珀·李,61996条评论,杀死一只知更鸟（精装）,译林出版社,¥29.80,423.
余光中,42581条评论,长长的路 我们慢慢走,光明日报出版社,¥49.90,424.
台湾牛顿出版股份有限公司,34090条评论,小牛顿科学馆：全新升级版 （科学蓝，30册礼品装）,接力出版社,¥424.20,425.
邱昭瑜,7122条评论,有故事的汉字（全四辑，当当订制版，套装全12册）,青岛出版社,¥175.10,426.
朱自清,22852条评论,朱自清散文精选（中小学语文新课标必读名著）22000多名读者热评！,人民邮电出版社,¥12.20,402.
老舍,11240条评论,北京的春节,连环画出版社,¥23.80,403.
乔安娜柯尔,1125687条评论,神奇校车大家族（全73册）,贵州人民出版社,¥588.30,404.
林清玄,14884条评论,林清玄：岁月静好 不忘初心（精装典藏版）,北京联合出版公司,¥39.80,405.
罗贯中,103450条评论,三国演义 新课标青少版,中国文史出版社,¥20.40,406.
汤素兰,20516条评论,笨狼的故事注音版·笨狼是谁（全彩美图）,湖南少年儿童出版社,¥15.80,407.
巴金,3374条评论,家（“教育部统编《语文》推荐阅读丛书”）,人民文学出版社,¥37.20,408.
鲁迅,43601条评论,朝花夕拾（七年级上册必读，语文新课标必读丛书，央视朗读者节目,天津人民出版社,¥17.70,369.
霍达,202418条评论,穆斯林的葬礼（2015版）,北京十月文艺出版社,¥37.40,370.
乔一,272663条评论,"我不喜欢这世界,我只喜欢你",湖南少年儿童出版社,¥24.90,371.
龙应台,135730条评论,龙应台“人生三书”全3册套装,广西师范大学出版社,¥65.30,372.
让娜·阿什比,67811条评论,0-3岁行为习惯教养绘本（全6册）,长江少年儿童出版社,¥66.90,373.
海伦·帕尔默,82679条评论,九型人格 : 职场高品质沟通的艺术,北京联合出版公司,¥27.90,395.
张之路,10574条评论,第三军团 曹文轩推荐儿童文学经典书系,北京教育出版社,¥14.60,396.
英国DK公司,63257条评论,DK儿童百科全书系列超值礼品套装（精装全5册）（2018年全新修订版,中国大百科全书出版社,¥448.10,397.
伊索,27496条评论,伊索寓言（新课标，北大知名译者杨海英翻译，非删改&特色编排，按,浙江工商大学出版社,¥14.10,328.
何权峰,99615条评论,格局,江苏文艺出版社,¥27.00,329.
埃莱娜·费兰特,7526条评论,那不勒斯四部曲（函套版）（套装共4册）,人民文学出版社,¥225.00,330.
西汉,71889条评论,史记（新课标）,浙江教育出版社,¥14.70,331.
天下霸唱,115817条评论,鬼吹灯全集 网剧黄皮子坟正在热映 套装共8册,青岛出版社,¥188.50,332.
村上春树,175312条评论,挪威的森林（2018年新版，村上春树的残酷青春物语，现象级的超级,上海译文出版社,¥24.00,333.
陈磊,488148条评论,半小时漫画中国史2（《半小时漫画中国史》系列第2部，其实是一本,海南出版社,¥27.50,359.
孙幼军,35876条评论,小猪唏哩呼噜(彩色注音版上、下),春风文艺出版社,¥35.70,360.
罗娜·雷纳,78534条评论,不吼不叫：如何平静地让孩子与父母合作,上海社会科学院出版社,¥27.40,314.
戈特弗里特·奥古斯特·毕尔格,47308条评论,吹牛大王历险记（新阅读 小学新课标阅读精品书系第二辑）儿童读物,山东教育出版社,¥12.30,315.
吉田纯子,244931条评论,0-4岁幼儿认知小百科（全3册),长江少年儿童出版社,¥79.20,316.
伊东宽,89500条评论,落叶跳舞（2018版 秋季主题阅读首选）,２１世纪出版社,¥24.80,317.
朱碧莲,86573条评论,世说新语(精)上下册--中华经典名著全本全注全译丛书(第三辑),中华书局,¥43.70,441.
罗伯特·B.西奥迪尼,123398条评论,影响力（经典版）（新版）（团购，请致电010-57993380）,北京联合出版公司,¥34.70,427.
赖清河,59336条评论,长青藤国际大奖小说书系：十岁那年,晨光出版社（当当书友会）,¥15.00,428.
比安基,54133条评论,森林报系列 彩色版（全4册）,２１世纪出版社,¥44.10,429.
北猫,104885条评论,米小圈上学记三年级（套装共4册）,四川少儿出版社,¥63.20,409.
罗曼·罗兰,21057条评论,名人传（新课标）著名翻译家傅雷经典译本,浙江工商大学出版社,¥18.80,410.
冰心,35292条评论,繁星·春水（新课标 徐志摩赞其诗“深得泰戈尔思想和艺术精髓”）,浙江工商大学出版社,¥14.40,411.
林清玄,95191条评论,林清玄散文精选,长江文艺出版社,¥22.10,412.
曹文轩,28857条评论,青铜葵花 曹文轩推荐儿童文学经典书系 ,北京教育出版社,¥12.20,374.
乔安娜柯尔,332484条评论,神奇校车·动画版（全10册）,贵州人民出版社,¥83.90,375.
儒勒·凡尔纳,15699条评论,海底两万里（著名翻译家陈筱卿法文原作直译，未删节全译本！）,西安交通大学出版社,¥27.30,376.
川端康成,244861条评论,雪国,南海出版公司,¥28.30,377.
谢尔·希尔弗斯坦,193703条评论,爱心树（2018版）,北京联合出版有限公司,¥27.60,378.
戈登,99000条评论,（PET）P.E.T.父母效能训练:让亲子沟通如此高效而简单,中国发展出版社,¥24.10,398.
稻盛和夫,171517条评论,活法,东方出版社,¥16.20,399.
赛西·高夫,95690条评论,遇见孩子，遇见更好的自己,新世界出版社,¥24.80,400.
泰戈尔,27364条评论,泰戈尔诗集：新月集·飞鸟集（新课标，郑振铎经典译本）,浙江工商大学出版社,¥14.10,334.
闻钟,5428条评论,海底两万里 骆驼祥子 部编教材七年级（下）推荐必读名著（套装共,商务印书馆,¥19.80,335.
北猫,40698条评论,姜小牙上学记（套装共4册）,四川少儿出版社,¥56.90,318.
桑妮,139586条评论,且以优雅过一生：杨绛传（杨绛传记的标杆之作）,湖南文艺出版社,¥26.70,319.
百鹤文化,83169条评论,写给儿童的成语故事（全10册）,贵州教育出版社,¥238.80,320.
雨果,33518条评论,巴黎圣母院（北大西语系翻译家李玉民全译本，“世界十大名著”“,西安交通大学出版社,¥27.70,442.
凯利,456550条评论,自控力（2017年纪念新版）,文化发展出版社,¥31.10,443.
木心,137502条评论,文学回忆录（木心留给世界的礼物，陈丹青五年听课笔录）,广西师范大学出版社,¥58.80,444.
埃里克·马瑟斯,62041条评论,Python编程 从入门到实践,人民邮电出版社,¥62.00,445.
韩小良,121条评论,Excel高效数据处理分析——效率是这样炼成的！,水利水电出版社,¥47.20,446.
奥德弗雷德普鲁士勒,59430条评论,大盗贼 (共3册）,二十一世纪出版社,¥39.70,447.
尼.奥斯特洛夫斯基,2395条评论,钢铁是怎样炼成的 八年级下 人教版名著阅读课程化丛书 教育部统编,人民教育出版社,¥42.50,430.
戴尔·卡耐基,67085条评论,人性的弱点大全集（人性的弱点+人性的优点）（薛之谦推荐。20世纪,天津人民出版社,¥35.40,431.
亨利戴维梭罗,139506条评论,瓦尔登湖（瓦尔登湖畔，不只是身体的栖息之所，更是精神的沉思之,作家出版社,¥16.50,432.
东野圭吾,214279条评论,东野圭吾：时生（东野圭吾暖心力作）,南海出版公司,¥34.90,413.
路遥,264047条评论,人生（影响千万青年的励志名篇-- 马云、贾樟柯倾情推荐！）,北京十月文艺出版社,¥19.70,414.
柯蒂斯·道金斯,26766条评论,格雷巴旅馆（作者被判终身监禁，此刻故事正在发生……媲美《肖申,百花洲文艺出版社,¥42.00,415.
弗雷德里克·巴克曼,14209条评论,熊镇（吴磊领读书目，马天宇私人书单，新的一年起，找到你要守护,四川文艺出版社,¥33.20,416.
欧内斯特·海明威,22662条评论,老人与海（新课标，详注版。也作“海明威小说选”）,浙江工商大学出版社,¥15.40,417.
陈忠实,73322条评论,白鹿原,作家出版社,¥20.90,418.
汉斯·尤尔根·普雷斯,20201条评论,游戏中的科学（2017年修订版）,山西人民出版社发行部,¥25.10,419.
叶圣陶,45195条评论,稻草人（新课标， 中国第一本童话集，鲁迅点赞的儿童文学大师叶圣,安徽教育出版社,¥14.40,379.
沈从文,5949条评论,边城,北京十月文艺出版社,¥30.00,380.
入山智,102917条评论,小鸡球球触感玩具书：全5册,长江少年儿童出版社,¥165.80,336.
李泽厚,141949条评论,美的历程（李泽厚代表名作）,生活.读书.新知三联书店,¥33.80,337.
安野光雅,61074条评论,安野光雅“美丽的数学”系列 （共5册）,九州出版社,¥55.60,338.
任溶溶,71532条评论,“没头脑”和“不高兴”任溶溶幽默儿童文学创作（注音版）典藏本,浙江少年儿童出版社,¥70.00,339.
赵国庆,103364条评论,小学思维训练：思维导图,北京师范大学出版社,¥23.70,340.
贝特朗·菲舒,40749条评论,人类简史（绘本版）：给孩子的世界历史超图解,中信出版社,¥80.90,448.
歪歪兔关键期早教项目组,68507条评论,学会管自己幼儿版-歪歪兔自控力教育系列绘本,海豚出版社,¥51.70,449.
曹文轩,6166条评论,和大人一起读（一至四册） 一年级上册 曹文轩 陈先云 主编 统编语,人民教育出版社,¥38.60,433.
简·尼尔森,122562条评论,《正面管教 A-Z》：日常养育难题的1001个解决方案（畅销书《正面,北京联合出版公司,¥37.50,434.
尤瓦尔·赫拉利,162041条评论,未来简史       一本好书 腾讯视频栏目推荐,中信出版社,¥51.00,435.
吴承恩,68093条评论,西游记 新课标青少版,中国文史出版社,¥20.40,436.
肯尼斯格雷厄姆,117414条评论,柳林风声,贵州人民出版社,¥69.70,437.
曲波,4068条评论,林海雪原（教育部统编《语文》推荐阅读丛书）,人民文学出版社,¥40.30,438.
杉泽,68923条评论,观山海（“百鬼画师”杉泽绝美诠释山海经）,湖南文艺出版社,¥92.40,420.
袁腾飞,141978条评论,这个历史挺靠谱：袁腾飞讲历史（全三册）,湖南人民出版社,¥58.40,450.
安房直子,86524条评论,安房直子幻想小说系列（共6册）,少年儿童出版社,¥64.50,451.
J.J.艾布拉姆斯,98885条评论,S.忒修斯之船（简体中文典藏复刻版）,中信出版社,¥104.80,452.
刘慈欣,82150条评论,三体（刘慈欣代表作，亚洲首部雨果奖获奖作品！）,重庆出版社,¥15.30,453.
大仲马,11227条评论,基督山伯爵（余华不吃不喝不睡，疯了般读完《基督山伯爵》！人类,江苏凤凰文艺出版社,¥126.00,461.
朱光潜,5108条评论,给青年的十二封信（教育部新编初中语文八年级教材指定阅读书目）,译林出版社,¥22.20,439.
曹文轩,67375条评论,火印（入选2018年中版好书“镇社之宝”书单，入选国家新闻出版广,天天出版社有限责任公司,¥16.20,440.
安德斯·艾利克森,109464条评论,刻意练习：如何从新手到大师,机械工业出版社,¥23.40,454.
弗雷德马塞利诺,53152条评论,穿靴子的猫,二十一世纪出版社,¥26.00,455.
奥黛莉·克伦毕斯,39090条评论,国际大奖小说升级版——屋顶上的小孩,新蕾出版社,¥15.70,456.
老舍,13906条评论,骆驼祥子 人民文学出版社插图本 七年级下册必读,人民文学出版社,¥24.40,457.
崔先圭,19930条评论,小学生好习惯系列-我的时间管理习惯没问题！,现代出版社,¥17.90,458.
德鲁克,201240条评论,卓有成效的管理者（珍藏版）（团购，请致电010-57993380）,机械工业出版社,¥18.00,462.
曹雪芹,121436条评论,权威定本四大名著： 红楼梦 三国演义  水浒传  西游记 当当网全国,人民文学出版社,¥155.60,459.
露丝·克劳斯,4259条评论,胡萝卜的种子,北京联合出版有限公司,¥23.50,460.
东野圭吾,102224条评论,新参者（2016版）,南海出版公司,¥34.90,481.
舒比格,62214条评论,当世界年纪还小的时候,四川少儿出版社,¥15.50,463.
朱光潜,53489条评论,朱光潜谈美,华东师范大学出版社,¥12.80,464.
苑子豪,35961条评论,我们最好的十年（北大双胞胎苑子豪新书，苑子文推荐）,中国友谊出版公司,¥31.00,465.
卡洛·科洛迪,22180条评论,木偶奇遇记（新课标 浙大文学博士、青年翻译家凌喆译）,浙江工商大学出版社,¥13.40,482.
吴庆芳,28579条评论,走进小古文·阅读与训练（供小学生使用）（第2版）,上海交通大学出版社,¥20.20,483.
王早早,98717条评论,安的种子,海燕出版社,¥21.90,484.
兰道尔·门罗,59689条评论,what if那些古怪又让人忧心的问题（珍藏版）,北京联合出版公司,¥40.10,485.
艾萨克阿西莫夫,47884条评论,银河帝国：基地七部曲（被马斯克用火箭送上太空的科幻神作，讲述,江苏文艺出版社,¥259.10,486.
张德芬,189447条评论,遇见未知的自己（全新修订版）,湖南文艺出版社,¥22.40,487.
稻盛和夫,8905条评论,稻盛和夫阿米巴经营经典套装（理论+实践）（当当独家定制套装）（,中国大百科全书出版社,¥56.10,466.
闻钟,47553条评论,四大名著  三国演义 水浒传 红楼梦 西游记 新课标必读 无障碍阅读,商务印书馆,¥38.40,467.
奥斯特洛夫斯基,22148条评论,钢铁是怎样炼成的（俄中直译全译本，北师大著名翻译家牧野翻译，,西安交通大学出版社,¥25.50,468.
尼.奥斯特洛夫斯基,73248条评论,钢铁是怎样炼成的（最新版）语文新课标必读丛书/义务教育部分,人民文学出版社,¥16.30,469.
马伯庸,3536条评论,古董局中局套装全4册（2018全新修订）,湖南文艺出版社,¥184.80,470.
闻钟,8065条评论,中国古代寓言故事 统编语文教科书三年级（下）指定阅读 快乐读书,南京大学出版社,¥12.80,471.
村井贞之,97531条评论,夏目友人帐,百花洲文艺出版社,¥21.90,488.
沈石溪,10200条评论,沈石溪画本·狼王梦（套装）（共4册）,长江少年儿童出版社,¥63.20,489.
斯皮罗,13041条评论,数字的秘密生活：最有趣的50个数学故事 ,上海科技教育出版社,¥13.90,490.
莫泊桑,53092条评论,"莫泊桑短篇小说集(世界文学经典)(世界短篇小说的典范,辛辣讽刺和",北京燕山出版社,¥22.10,491.
成语大词典,129687条评论,成语大词典（彩色本）最新修订版 60000多名读者热评！团购电话40,商务印书馆国际有限公司,¥64.90,492.
梅子涵,16977条评论,戴小桥和他的哥们儿系列（共6册）,新蕾出版社,¥75.80,493.
特德·休斯,1707条评论,长青藤国际大奖小说套装系列·第二辑（全10册 当当精选）,云南出版集团公司 晨光出版社,¥159.10,494.
迪卡米洛,132262条评论,国际大奖小说——爱德华的奇妙之旅（精装本）,新蕾出版社,¥22.80,472.
孙幼军,36506条评论,怪老头儿 曹文轩推荐儿童文学经典书系 12000多名读者热评！,北京教育出版社,¥17.30,473.
王国维,38515条评论,人间词话（新版！汪涵推荐，未删减精装珍藏本！无需古文基础，就,浙江文艺出版社,¥42.00,474.
赵艺贞,43956条评论,从小爱数学（全20册）,湖南少年儿童出版社,¥105.60,475.
乔斯夫托普森,68167条评论,我的大画本（全3册）,陕西人民教育出版社,¥58.70,476.
阿加莎,46187条评论,无人生还（精装纪念版）,新星出版社,¥27.60,495.
卡罗尔·罗思,67914条评论,把坏脾气收起来,北京科学技术出版社,¥28.40,496.
沈从文,30414条评论,边城,江苏人民出版社,¥20.50,497.
阿耐,27887条评论,大江大河四部曲（电视剧《大江大河》原著小说，王凯、杨烁、董子,北京联合出版有限公司,¥252.80,498.
斯蒂芬·茨威格,18592条评论,人类群星闪耀时（《一个陌生女人的来信》作者茨威格的传记杰作，,时代文艺出版社,¥18.80,499.
陈梦敏,319095条评论,学会管自己（歪歪兔独立成长童话）,海豚出版社,¥80.90,500.
司马迁,146016条评论,史记（精装新版，全三册）,岳麓书社,¥96.00,477.
稻盛和夫,77049条评论,干法（团购，请致电010-57993380）,机械工业出版社,¥25.00,478.
维尔纳霍尔茨瓦特,169824条评论,是谁嗯嗯在我的头上,河北教育出版社,¥28.20,479.
李文儒,31215条评论,故宫院长说故宫 图文并茂 全彩精装,天地出版社,¥44.20,480.
